PI-content,CF-content,Sizing agent-content,GP-content,TC_pred,TS_pred,High_Performance
0.7,0.1,0.0,0.2,7.962972,53.75099,False
0.7,0.1,0.005,0.2,7.962972,53.75099,False
0.7,0.1,0.01,0.2,9.9483595,63.55306,False
0.7,0.1,0.015,0.2,9.9483595,63.55306,False
0.7,0.1,0.02,0.2,13.510768,67.28228,False
0.7,0.1,0.025,0.2,13.510768,67.28228,False
0.7,0.1,0.03,0.2,13.402238,63.220116,False
0.7,0.1,0.035,0.2,13.402238,63.220116,False
0.7,0.1,0.04,0.2,11.957961,60.956573,False
0.7,0.1,0.045,0.2,11.957961,60.956573,False
0.7,0.1,0.05,0.2,11.893306,59.29934,False
0.7,0.1,0.055,0.2,11.893306,59.29934,False
0.7,0.15,0.0,0.15,7.6598263,52.969242,False
0.7,0.15,0.005,0.15,7.6598263,52.969242,False
0.7,0.15,0.01,0.15,9.752357,63.045734,False
0.7,0.15,0.015,0.15,9.752357,63.045734,False
0.7,0.15,0.02,0.15,13.24532,66.833466,False
0.7,0.15,0.025,0.15,13.24532,66.833466,False
0.7,0.15,0.03,0.15,13.501497,62.81353,False
0.7,0.15,0.035,0.15,13.501497,62.81353,False
0.7,0.15,0.04,0.15,12.40089,61.258957,False
0.7,0.15,0.045,0.15,12.40089,61.258957,False
0.7,0.15,0.05,0.15,12.689294,61.03218,False
0.7,0.15,0.055,0.15,12.689294,61.03218,False
0.7,0.2,0.0,0.1,7.3212886,57.488583,False
0.7,0.2,0.005,0.1,7.3212886,57.488583,False
0.7,0.2,0.01,0.1,9.112283,66.451904,False
0.7,0.2,0.015,0.1,9.112283,66.451904,False
0.7,0.2,0.02,0.1,12.646051,70.73844,True
0.7,0.2,0.025,0.1,12.646051,70.73844,True
0.7,0.2,0.03,0.1,11.968691,66.37255,False
0.7,0.2,0.035,0.1,11.968691,66.37255,False
0.7,0.2,0.04,0.1,10.506103,64.53599,False
0.7,0.2,0.045,0.1,10.506103,64.53599,False
0.7,0.2,0.05,0.1,10.762219,64.26296,False
0.7,0.2,0.055,0.1,10.762219,64.26296,False
0.72,0.08,0.0,0.2,7.7254868,54.65016,False
0.72,0.08,0.005,0.2,7.7254868,54.65016,False
0.72,0.08,0.01,0.2,9.698029,64.03911,False
0.72,0.08,0.015,0.2,9.698029,64.03911,False
0.72,0.08,0.02,0.2,12.502571,67.709496,False
0.72,0.08,0.025,0.2,12.502571,67.709496,False
0.72,0.08,0.03,0.2,12.542958,64.77307,False
0.72,0.08,0.035,0.2,12.542958,64.77307,False
0.72,0.08,0.04,0.2,11.253743,61.40883,False
0.72,0.08,0.045,0.2,11.253743,61.40883,False
0.72,0.08,0.05,0.2,11.197866,59.769722,False
0.72,0.08,0.055,0.2,11.197866,59.769722,False
0.72,0.13,0.0,0.15,7.5041065,53.44772,False
0.72,0.13,0.005,0.15,7.5041065,53.44772,False
0.72,0.13,0.01,0.15,9.657023,63.52424,False
0.72,0.13,0.015,0.15,9.657023,63.52424,False
0.72,0.13,0.02,0.15,13.195682,67.31194,False
0.72,0.13,0.025,0.15,13.195682,67.31194,False
0.72,0.13,0.03,0.15,13.4941025,63.29203,False
0.72,0.13,0.035,0.15,13.4941025,63.29203,False
0.72,0.13,0.04,0.15,12.449617,61.737442,False
0.72,0.13,0.045,0.15,12.449617,61.737442,False
0.72,0.13,0.05,0.15,12.738021,61.51066,False
0.72,0.13,0.055,0.15,12.738021,61.51066,False
0.72,0.14,0.0,0.14,7.2980175,52.969242,False
0.72,0.14,0.005,0.14,7.2980175,52.969242,False
0.72,0.14,0.01,0.14,9.427636,63.045734,False
0.72,0.14,0.015,0.14,9.427636,63.045734,False
0.72,0.14,0.02,0.14,13.077242,66.833466,False
0.72,0.14,0.025,0.14,13.077242,66.833466,False
0.72,0.14,0.03,0.14,13.486347,62.81353,False
0.72,0.14,0.035,0.14,13.486347,62.81353,False
0.72,0.14,0.04,0.14,12.38574,61.258957,False
0.72,0.14,0.045,0.14,12.38574,61.258957,False
0.72,0.14,0.05,0.14,12.674144,61.03218,False
0.72,0.14,0.055,0.14,12.674144,61.03218,False
0.72,0.15,0.0,0.13,7.481278,55.486286,False
0.72,0.15,0.005,0.13,7.481278,55.486286,False
0.72,0.15,0.01,0.13,9.610898,66.261055,False
0.72,0.15,0.015,0.13,9.610898,66.261055,False
0.72,0.15,0.02,0.13,13.394398,70.49873,True
0.72,0.15,0.025,0.13,13.394398,70.49873,True
0.72,0.15,0.03,0.13,13.803503,66.1543,False
0.72,0.15,0.035,0.13,13.803503,66.1543,False
0.72,0.15,0.04,0.13,12.702897,64.36842,False
0.72,0.15,0.045,0.13,12.702897,64.36842,False
0.72,0.15,0.05,0.13,12.9913,64.14685,False
0.72,0.15,0.055,0.13,12.9913,64.14685,False
0.72,0.2,0.0,0.08,7.032812,57.199757,False
0.72,0.2,0.005,0.08,7.032812,57.199757,False
0.72,0.2,0.01,0.08,8.269853,66.53627,False
0.72,0.2,0.015,0.08,8.269853,66.53627,False
0.72,0.2,0.02,0.08,11.068203,70.78458,False
0.72,0.2,0.025,0.08,11.068203,70.78458,False
0.72,0.2,0.03,0.08,11.294035,66.468796,False
0.72,0.2,0.035,0.08,11.294035,66.468796,False
0.72,0.2,0.04,0.08,9.840667,64.62713,False
0.72,0.2,0.045,0.08,9.840667,64.62713,False
0.72,0.2,0.05,0.08,10.089971,64.367325,False
0.72,0.2,0.055,0.08,10.089971,64.367325,False
0.74,0.06,0.0,0.2,6.9382596,43.155586,False
0.74,0.06,0.005,0.2,6.9382596,43.155586,False
0.74,0.06,0.01,0.2,8.774553,55.514214,False
0.74,0.06,0.015,0.2,8.774553,55.514214,False
0.74,0.06,0.02,0.2,11.237922,57.970074,False
0.74,0.06,0.025,0.2,11.237922,57.970074,False
0.74,0.06,0.03,0.2,11.447991,55.50653,False
0.74,0.06,0.035,0.2,11.447991,55.50653,False
0.74,0.06,0.04,0.2,10.453172,53.443184,False
0.74,0.06,0.045,0.2,10.453172,53.443184,False
0.74,0.06,0.05,0.2,10.409153,52.368927,False
0.74,0.06,0.055,0.2,10.409153,52.368927,False
0.74,0.11,0.0,0.15,7.962972,53.75099,False
0.74,0.11,0.005,0.15,7.962972,53.75099,False
0.74,0.11,0.01,0.15,9.9483595,63.55306,False
0.74,0.11,0.015,0.15,9.9483595,63.55306,False
0.74,0.11,0.02,0.15,13.510768,67.28228,False
0.74,0.11,0.025,0.15,13.510768,67.28228,False
0.74,0.11,0.03,0.15,13.402238,63.220116,False
0.74,0.11,0.035,0.15,13.402238,63.220116,False
0.74,0.11,0.04,0.15,11.957961,60.956573,False
0.74,0.11,0.045,0.15,11.957961,60.956573,False
0.74,0.11,0.05,0.15,11.893306,59.29934,False
0.74,0.11,0.055,0.15,11.893306,59.29934,False
0.74,0.12,0.0,0.14,7.6011624,53.75099,False
0.74,0.12,0.005,0.14,7.6011624,53.75099,False
0.74,0.12,0.01,0.14,9.623639,63.55306,False
0.74,0.12,0.015,0.14,9.623639,63.55306,False
0.74,0.12,0.02,0.14,13.3426895,67.28228,False
0.74,0.12,0.025,0.14,13.3426895,67.28228,False
0.74,0.12,0.03,0.14,13.387088,63.220116,False
0.74,0.12,0.035,0.14,13.387088,63.220116,False
0.74,0.12,0.04,0.14,11.942811,60.956573,False
0.74,0.12,0.045,0.14,11.942811,60.956573,False
0.74,0.12,0.05,0.14,11.878156,59.29934,False
0.74,0.12,0.055,0.14,11.878156,59.29934,False
0.74,0.13,0.0,0.13,7.325558,56.524483,False
0.74,0.13,0.005,0.13,7.325558,56.524483,False
0.74,0.13,0.01,0.13,9.515565,67.299255,False
0.74,0.13,0.015,0.13,9.515565,67.299255,False
0.74,0.13,0.02,0.13,13.34476,71.536934,True
0.74,0.13,0.025,0.13,13.34476,71.536934,True
0.74,0.13,0.03,0.13,13.796109,67.1925,False
0.74,0.13,0.035,0.13,13.796109,67.1925,False
0.74,0.13,0.04,0.13,12.751623,65.40662,False
0.74,0.13,0.045,0.13,12.751623,65.40662,False
0.74,0.13,0.05,0.13,13.040028,65.18506,False
0.74,0.13,0.055,0.13,13.040028,65.18506,False
0.74,0.14,0.0,0.12,7.3212886,57.488583,False
0.74,0.14,0.005,0.12,7.3212886,57.488583,False
0.74,0.14,0.01,0.12,9.112283,66.451904,False
0.74,0.14,0.015,0.12,9.112283,66.451904,False
0.74,0.14,0.02,0.12,12.646051,70.73844,True
0.74,0.14,0.025,0.12,12.646051,70.73844,True
0.74,0.14,0.03,0.12,11.968691,66.37255,False
0.74,0.14,0.035,0.12,11.968691,66.37255,False
0.74,0.14,0.04,0.12,10.506103,64.53599,False
0.74,0.14,0.045,0.12,10.506103,64.53599,False
0.74,0.14,0.05,0.12,10.762219,64.26296,False
0.74,0.14,0.055,0.12,10.762219,64.26296,False
0.74,0.15,0.0,0.11,7.3212886,57.488583,False
0.74,0.15,0.005,0.11,7.3212886,57.488583,False
0.74,0.15,0.01,0.11,9.112283,66.451904,False
0.74,0.15,0.015,0.11,9.112283,66.451904,False
0.74,0.15,0.02,0.11,12.646051,70.73844,True
0.74,0.15,0.025,0.11,12.646051,70.73844,True
0.74,0.15,0.03,0.11,11.968691,66.37255,False
0.74,0.15,0.035,0.11,11.968691,66.37255,False
0.74,0.15,0.04,0.11,10.506103,64.53599,False
0.74,0.15,0.045,0.11,10.506103,64.53599,False
0.74,0.15,0.05,0.11,10.762219,64.26296,False
0.74,0.15,0.055,0.11,10.762219,64.26296,False
0.74,0.2,0.0,0.06,6.104558,59.694023,False
0.74,0.2,0.005,0.06,6.104558,59.694023,False
0.74,0.2,0.01,0.06,7.4030495,67.95629,False
0.74,0.2,0.015,0.06,7.4030495,67.95629,False
0.74,0.2,0.02,0.06,9.918761,71.66067,False
0.74,0.2,0.025,0.06,9.918761,71.66067,False
0.74,0.2,0.03,0.06,10.428981,67.34489,False
0.74,0.2,0.035,0.06,10.428981,67.34489,False
0.74,0.2,0.04,0.06,9.083206,66.20185,False
0.74,0.2,0.045,0.06,9.083206,66.20185,False
0.74,0.2,0.05,0.06,9.332509,65.99809,False
0.74,0.2,0.055,0.06,9.332509,65.99809,False
0.76,0.04,0.0,0.2,7.0036407,44.428574,False
0.76,0.04,0.005,0.2,7.0036407,44.428574,False
0.76,0.04,0.01,0.2,8.907541,56.664238,False
0.76,0.04,0.015,0.2,8.907541,56.664238,False
0.76,0.04,0.02,0.2,11.391788,58.97324,False
0.76,0.04,0.025,0.2,11.391788,58.97324,False
0.76,0.04,0.03,0.2,11.557381,56.509716,False
0.76,0.04,0.035,0.2,11.557381,56.509716,False
0.76,0.04,0.04,0.2,10.537892,54.562874,False
0.76,0.04,0.045,0.2,10.537892,54.562874,False
0.76,0.04,0.05,0.2,10.455281,53.51136,False
0.76,0.04,0.055,0.2,10.455281,53.51136,False
0.76,0.09,0.0,0.15,7.7254868,54.65016,False
0.76,0.09,0.005,0.15,7.7254868,54.65016,False
0.76,0.09,0.01,0.15,9.698029,64.03911,False
0.76,0.09,0.015,0.15,9.698029,64.03911,False
0.76,0.09,0.02,0.15,12.502571,67.709496,False
0.76,0.09,0.025,0.15,12.502571,67.709496,False
0.76,0.09,0.03,0.15,12.542958,64.77307,False
0.76,0.09,0.035,0.15,12.542958,64.77307,False
0.76,0.09,0.04,0.15,11.253743,61.40883,False
0.76,0.09,0.045,0.15,11.253743,61.40883,False
0.76,0.09,0.05,0.15,11.197866,59.769722,False
0.76,0.09,0.055,0.15,11.197866,59.769722,False
0.76,0.1,0.0,0.14,7.6011624,53.75099,False
0.76,0.1,0.005,0.14,7.6011624,53.75099,False
0.76,0.1,0.01,0.14,9.623639,63.55306,False
0.76,0.1,0.015,0.14,9.623639,63.55306,False
0.76,0.1,0.02,0.14,13.3426895,67.28228,False
0.76,0.1,0.025,0.14,13.3426895,67.28228,False
0.76,0.1,0.03,0.14,13.387088,63.220116,False
0.76,0.1,0.035,0.14,13.387088,63.220116,False
0.76,0.1,0.04,0.14,11.942811,60.956573,False
0.76,0.1,0.045,0.14,11.942811,60.956573,False
0.76,0.1,0.05,0.14,11.878156,59.29934,False
0.76,0.1,0.055,0.14,11.878156,59.29934,False
0.76,0.11,0.0,0.13,7.7844224,56.82776,False
0.76,0.11,0.005,0.13,7.7844224,56.82776,False
0.76,0.11,0.01,0.13,9.806898,67.328064,False
0.76,0.11,0.015,0.13,9.806898,67.328064,False
0.76,0.11,0.02,0.13,13.659846,71.50727,True
0.76,0.11,0.025,0.13,13.659846,71.50727,True
0.76,0.11,0.03,0.13,13.704245,67.0959,False
0.76,0.11,0.035,0.13,13.704245,67.0959,False
0.76,0.11,0.04,0.13,12.259967,64.5918,False
0.76,0.11,0.045,0.13,12.259967,64.5918,False
0.76,0.11,0.05,0.13,12.1953125,62.879837,False
0.76,0.11,0.055,0.13,12.1953125,62.879837,False
0.76,0.12,0.0,0.12,7.6504498,58.8867,False
0.76,0.12,0.005,0.12,7.6504498,58.8867,False
0.76,0.12,0.01,0.12,9.334299,67.580795,False
0.76,0.12,0.015,0.12,9.334299,67.580795,False
0.76,0.12,0.02,0.12,12.937514,71.800835,True
0.76,0.12,0.025,0.12,12.937514,71.800835,True
0.76,0.12,0.03,0.12,11.895447,67.36801,False
0.76,0.12,0.035,0.12,11.895447,67.36801,False
0.76,0.12,0.04,0.12,10.089187,64.818535,False
0.76,0.12,0.045,0.12,10.089187,64.818535,False
0.76,0.12,0.05,0.12,9.992249,63.044067,False
0.76,0.12,0.055,0.12,9.992249,63.044067,False
0.76,0.13,0.0,0.11,7.16557,58.52678,False
0.76,0.13,0.005,0.11,7.16557,58.52678,False
0.76,0.13,0.01,0.11,9.016948,67.490105,False
0.76,0.13,0.015,0.11,9.016948,67.490105,False
0.76,0.13,0.02,0.11,12.596412,71.77664,True
0.76,0.13,0.025,0.11,12.596412,71.77664,True
0.76,0.13,0.03,0.11,11.961295,67.41075,False
0.76,0.13,0.035,0.11,11.961295,67.41075,False
0.76,0.13,0.04,0.11,10.554829,65.57418,False
0.76,0.13,0.045,0.11,10.554829,65.57418,False
0.76,0.13,0.05,0.11,10.810947,65.30117,False
0.76,0.13,0.055,0.11,10.810947,65.30117,False
0.76,0.14,0.0,0.1,7.3212886,57.488583,False
0.76,0.14,0.005,0.1,7.3212886,57.488583,False
0.76,0.14,0.01,0.1,9.112283,66.451904,False
0.76,0.14,0.015,0.1,9.112283,66.451904,False
0.76,0.14,0.02,0.1,12.646051,70.73844,True
0.76,0.14,0.025,0.1,12.646051,70.73844,True
0.76,0.14,0.03,0.1,11.968691,66.37255,False
0.76,0.14,0.035,0.1,11.968691,66.37255,False
0.76,0.14,0.04,0.1,10.506103,64.53599,False
0.76,0.14,0.045,0.1,10.506103,64.53599,False
0.76,0.14,0.05,0.1,10.762219,64.26296,False
0.76,0.14,0.055,0.1,10.762219,64.26296,False
0.76,0.15,0.0,0.09,7.032812,57.199757,False
0.76,0.15,0.005,0.09,7.032812,57.199757,False
0.76,0.15,0.01,0.09,8.269853,66.53627,False
0.76,0.15,0.015,0.09,8.269853,66.53627,False
0.76,0.15,0.02,0.09,11.068203,70.78458,False
0.76,0.15,0.025,0.09,11.068203,70.78458,False
0.76,0.15,0.03,0.09,11.294035,66.468796,False
0.76,0.15,0.035,0.09,11.294035,66.468796,False
0.76,0.15,0.04,0.09,9.840667,64.62713,False
0.76,0.15,0.045,0.09,9.840667,64.62713,False
0.76,0.15,0.05,0.09,10.089971,64.367325,False
0.76,0.15,0.055,0.09,10.089971,64.367325,False
0.76,0.2,0.0,0.04,6.1961946,59.694023,False
0.76,0.2,0.005,0.04,6.1961946,59.694023,False
0.76,0.2,0.01,0.04,7.494686,67.95629,False
0.76,0.2,0.015,0.04,7.494686,67.95629,False
0.76,0.2,0.02,0.04,10.010398,71.66067,False
0.76,0.2,0.025,0.04,10.010398,71.66067,False
0.76,0.2,0.03,0.04,10.4626665,67.34489,False
0.76,0.2,0.035,0.04,10.4626665,67.34489,False
0.76,0.2,0.04,0.04,9.083206,66.20185,False
0.76,0.2,0.045,0.04,9.083206,66.20185,False
0.76,0.2,0.05,0.04,9.332509,65.99809,False
0.76,0.2,0.055,0.04,9.332509,65.99809,False
0.78,0.02,0.0,0.2,6.845687,50.589954,False
0.78,0.02,0.005,0.2,6.845687,50.589954,False
0.78,0.02,0.01,0.2,8.803981,60.624832,False
0.78,0.02,0.015,0.2,8.803981,60.624832,False
0.78,0.02,0.02,0.2,11.353997,62.76789,False
0.78,0.02,0.025,0.2,11.353997,62.76789,False
0.78,0.02,0.03,0.2,11.519589,60.267803,False
0.78,0.02,0.035,0.2,11.519589,60.267803,False
0.78,0.02,0.04,0.2,10.500101,59.10579,False
0.78,0.02,0.045,0.2,10.500101,59.10579,False
0.78,0.02,0.05,0.2,10.41749,58.713478,False
0.78,0.02,0.055,0.2,10.41749,58.713478,False
0.78,0.07,0.0,0.15,7.2500615,43.537193,False
0.78,0.07,0.005,0.15,7.2500615,43.537193,False
0.78,0.07,0.01,0.15,9.249508,55.85816,False
0.78,0.07,0.015,0.15,9.249508,55.85816,False
0.78,0.07,0.02,0.15,12.054051,58.56764,False
0.78,0.07,0.025,0.15,12.054051,58.56764,False
0.78,0.07,0.03,0.15,12.094439,55.89233,False
0.78,0.07,0.035,0.15,12.094439,55.89233,False
0.78,0.07,0.04,0.15,10.805224,53.73842,False
0.78,0.07,0.045,0.15,10.805224,53.73842,False
0.78,0.07,0.05,0.15,10.749348,52.664154,False
0.78,0.07,0.055,0.15,10.749348,52.664154,False
0.78,0.08,0.0,0.14,7.363678,54.65016,False
0.78,0.08,0.005,0.14,7.363678,54.65016,False
0.78,0.08,0.01,0.14,9.373308,64.03911,False
0.78,0.08,0.015,0.14,9.373308,64.03911,False
0.78,0.08,0.02,0.14,12.334492,67.709496,False
0.78,0.08,0.025,0.14,12.334492,67.709496,False
0.78,0.08,0.03,0.14,12.527808,64.77307,False
0.78,0.08,0.035,0.14,12.527808,64.77307,False
0.78,0.08,0.04,0.14,11.238593,61.40883,False
0.78,0.08,0.045,0.14,11.238593,61.40883,False
0.78,0.08,0.05,0.14,11.182716,59.769722,False
0.78,0.08,0.055,0.14,11.182716,59.769722,False
0.78,0.09,0.0,0.13,7.546938,57.72953,False
0.78,0.09,0.005,0.13,7.546938,57.72953,False
0.78,0.09,0.01,0.13,9.556569,67.83456,False
0.78,0.09,0.015,0.13,9.556569,67.83456,False
0.78,0.09,0.02,0.13,12.6516485,71.93652,True
0.78,0.09,0.025,0.13,12.6516485,71.93652,True
0.78,0.09,0.03,0.13,12.844965,68.76048,False
0.78,0.09,0.035,0.13,12.844965,68.76048,False
0.78,0.09,0.04,0.13,11.555749,65.119934,False
0.78,0.09,0.045,0.13,11.555749,65.119934,False
0.78,0.09,0.05,0.13,11.499873,63.407036,False
0.78,0.09,0.055,0.13,11.499873,63.407036,False
0.78,0.1,0.0,0.12,7.6504498,58.8867,False
0.78,0.1,0.005,0.12,7.6504498,58.8867,False
0.78,0.1,0.01,0.12,9.334299,67.580795,False
0.78,0.1,0.015,0.12,9.334299,67.580795,False
0.78,0.1,0.02,0.12,12.937514,71.800835,True
0.78,0.1,0.025,0.12,12.937514,71.800835,True
0.78,0.1,0.03,0.12,11.895447,67.36801,False
0.78,0.1,0.035,0.12,11.895447,67.36801,False
0.78,0.1,0.04,0.12,10.089187,64.818535,False
0.78,0.1,0.045,0.12,10.089187,64.818535,False
0.78,0.1,0.05,0.12,9.992249,63.044067,False
0.78,0.1,0.055,0.12,9.992249,63.044067,False
0.78,0.11,0.0,0.11,7.6504498,58.8867,False
0.78,0.11,0.005,0.11,7.6504498,58.8867,False
0.78,0.11,0.01,0.11,9.334299,67.580795,False
0.78,0.11,0.015,0.11,9.334299,67.580795,False
0.78,0.11,0.02,0.11,12.937514,71.800835,True
0.78,0.11,0.025,0.11,12.937514,71.800835,True
0.78,0.11,0.03,0.11,11.895447,67.36801,False
0.78,0.11,0.035,0.11,11.895447,67.36801,False
0.78,0.11,0.04,0.11,10.089187,64.818535,False
0.78,0.11,0.045,0.11,10.089187,64.818535,False
0.78,0.11,0.05,0.11,9.992249,63.044067,False
0.78,0.11,0.055,0.11,9.992249,63.044067,False
0.78,0.12,0.0,0.1,7.6504498,58.8867,False
0.78,0.12,0.005,0.1,7.6504498,58.8867,False
0.78,0.12,0.01,0.1,9.334299,67.580795,False
0.78,0.12,0.015,0.1,9.334299,67.580795,False
0.78,0.12,0.02,0.1,12.937514,71.800835,True
0.78,0.12,0.025,0.1,12.937514,71.800835,True
0.78,0.12,0.03,0.1,11.895447,67.36801,False
0.78,0.12,0.035,0.1,11.895447,67.36801,False
0.78,0.12,0.04,0.1,10.089187,64.818535,False
0.78,0.12,0.045,0.1,10.089187,64.818535,False
0.78,0.12,0.05,0.1,9.992249,63.044067,False
0.78,0.12,0.055,0.1,9.992249,63.044067,False
0.78,0.13,0.0,0.09,6.8770924,58.237957,False
0.78,0.13,0.005,0.09,6.8770924,58.237957,False
0.78,0.13,0.01,0.09,8.17452,67.57447,False
0.78,0.13,0.015,0.09,8.17452,67.57447,False
0.78,0.13,0.02,0.09,11.018565,71.82278,False
0.78,0.13,0.025,0.09,11.018565,71.82278,False
0.78,0.13,0.03,0.09,11.286641,67.506996,False
0.78,0.13,0.035,0.09,11.286641,67.506996,False
0.78,0.13,0.04,0.09,9.889395,65.66532,False
0.78,0.13,0.045,0.09,9.889395,65.66532,False
0.78,0.13,0.05,0.09,10.138697,65.40553,False
0.78,0.13,0.055,0.09,10.138697,65.40553,False
0.78,0.14,0.0,0.08,7.032812,57.199757,False
0.78,0.14,0.005,0.08,7.032812,57.199757,False
0.78,0.14,0.01,0.08,8.269853,66.53627,False
0.78,0.14,0.015,0.08,8.269853,66.53627,False
0.78,0.14,0.02,0.08,11.068203,70.78458,False
0.78,0.14,0.025,0.08,11.068203,70.78458,False
0.78,0.14,0.03,0.08,11.294035,66.468796,False
0.78,0.14,0.035,0.08,11.294035,66.468796,False
0.78,0.14,0.04,0.08,9.840667,64.62713,False
0.78,0.14,0.045,0.08,9.840667,64.62713,False
0.78,0.14,0.05,0.08,10.089971,64.367325,False
0.78,0.14,0.055,0.08,10.089971,64.367325,False
0.78,0.15,0.0,0.07,6.192609,57.175774,False
0.78,0.15,0.005,0.07,6.192609,57.175774,False
0.78,0.15,0.01,0.07,7.4943094,66.53627,False
0.78,0.15,0.015,0.07,7.4943094,66.53627,False
0.78,0.15,0.02,0.07,10.134827,70.78458,False
0.78,0.15,0.025,0.07,10.134827,70.78458,False
0.78,0.15,0.03,0.07,10.552852,66.468796,False
0.78,0.15,0.035,0.07,10.552852,66.468796,False
0.78,0.15,0.04,0.07,9.207076,64.62713,False
0.78,0.15,0.045,0.07,9.207076,64.62713,False
0.78,0.15,0.05,0.07,9.45638,64.367325,False
0.78,0.15,0.055,0.07,9.45638,64.367325,False
0.78,0.2,0.0,0.02,6.1860523,59.694023,False
0.78,0.2,0.005,0.02,6.1860523,59.694023,False
0.78,0.2,0.01,0.02,7.478751,67.95629,False
0.78,0.2,0.015,0.02,7.478751,67.95629,False
0.78,0.2,0.02,0.02,10.010398,71.66067,False
0.78,0.2,0.025,0.02,10.010398,71.66067,False
0.78,0.2,0.03,0.02,10.4626665,67.34489,False
0.78,0.2,0.035,0.02,10.4626665,67.34489,False
0.78,0.2,0.04,0.02,9.083206,66.20185,False
0.78,0.2,0.045,0.02,9.083206,66.20185,False
0.78,0.2,0.05,0.02,9.332509,65.99809,False
0.78,0.2,0.055,0.02,9.332509,65.99809,False
0.7999999999999999,0.0,0.0,0.2,4.4859023,50.288776,False
0.7999999999999999,0.0,0.005,0.2,4.4859023,50.288776,False
0.7999999999999999,0.0,0.01,0.2,5.7739315,60.326702,False
0.7999999999999999,0.0,0.015,0.2,5.7739315,60.326702,False
0.7999999999999999,0.0,0.02,0.2,8.6565485,62.498055,False
0.7999999999999999,0.0,0.025,0.2,8.6565485,62.498055,False
0.7999999999999999,0.0,0.03,0.2,8.835273,59.76242,False
0.7999999999999999,0.0,0.035,0.2,8.835273,59.76242,False
0.7999999999999999,0.0,0.04,0.2,7.3074074,57.34983,False
0.7999999999999999,0.0,0.045,0.2,7.3074074,57.34983,False
0.7999999999999999,0.0,0.05,0.2,7.002427,55.240704,False
0.7999999999999999,0.0,0.055,0.2,7.002427,55.240704,False
0.7999999999999999,0.05,0.0,0.15,4.578475,42.85441,False
0.7999999999999999,0.05,0.005,0.15,4.578475,42.85441,False
0.7999999999999999,0.05,0.01,0.15,5.7445054,55.216087,False
0.7999999999999999,0.05,0.015,0.15,5.7445054,55.216087,False
0.7999999999999999,0.05,0.02,0.15,8.540474,57.700237,False
0.7999999999999999,0.05,0.025,0.15,8.540474,57.700237,False
0.7999999999999999,0.05,0.03,0.15,8.763674,55.001133,False
0.7999999999999999,0.05,0.035,0.15,8.763674,55.001133,False
0.7999999999999999,0.05,0.04,0.15,7.2604785,51.687244,False
0.7999999999999999,0.05,0.045,0.15,7.2604785,51.687244,False
0.7999999999999999,0.05,0.05,0.15,6.9940915,48.89617,False
0.7999999999999999,0.05,0.055,0.15,6.9940915,48.89617,False
0.7999999999999999,0.06,0.0,0.14,4.158948,42.85441,False
0.7999999999999999,0.06,0.005,0.14,4.158948,42.85441,False
0.7999999999999999,0.06,0.01,0.14,5.3620667,55.216087,False
0.7999999999999999,0.06,0.015,0.14,5.3620667,55.216087,False
0.7999999999999999,0.06,0.02,0.14,8.314676,57.700237,False
0.7999999999999999,0.06,0.025,0.14,8.314676,57.700237,False
0.7999999999999999,0.06,0.03,0.14,8.6908045,55.001133,False
0.7999999999999999,0.06,0.035,0.14,8.6908045,55.001133,False
0.7999999999999999,0.06,0.04,0.14,7.1876106,51.687244,False
0.7999999999999999,0.06,0.045,0.14,7.1876106,51.687244,False
0.7999999999999999,0.06,0.05,0.14,6.9212236,48.89617,False
0.7999999999999999,0.06,0.055,0.14,6.9212236,48.89617,False
0.7999999999999999,0.0625,0.0,0.1375,4.158948,42.85441,False
0.7999999999999999,0.0625,0.005,0.1375,4.158948,42.85441,False
0.7999999999999999,0.0625,0.01,0.1375,5.3620667,55.216087,False
0.7999999999999999,0.0625,0.015,0.1375,5.3620667,55.216087,False
0.7999999999999999,0.0625,0.02,0.1375,8.314676,57.700237,False
0.7999999999999999,0.0625,0.025,0.1375,8.314676,57.700237,False
0.7999999999999999,0.0625,0.03,0.1375,8.6908045,55.001133,False
0.7999999999999999,0.0625,0.035,0.1375,8.6908045,55.001133,False
0.7999999999999999,0.0625,0.04,0.1375,7.1876106,51.687244,False
0.7999999999999999,0.0625,0.045,0.1375,7.1876106,51.687244,False
0.7999999999999999,0.0625,0.05,0.1375,6.9212236,48.89617,False
0.7999999999999999,0.0625,0.055,0.1375,6.9212236,48.89617,False
0.7999999999999999,0.07,0.0,0.13,4.6320443,45.867985,False
0.7999999999999999,0.07,0.005,0.13,4.6320443,45.867985,False
0.7999999999999999,0.07,0.01,0.13,5.998318,59.01486,False
0.7999999999999999,0.07,0.015,0.13,5.998318,59.01486,False
0.7999999999999999,0.07,0.02,0.13,9.425995,62.142525,False
0.7999999999999999,0.07,0.025,0.13,9.425995,62.142525,False
0.7999999999999999,0.07,0.03,0.13,9.632442,58.948368,False
0.7999999999999999,0.07,0.035,0.13,9.632442,58.948368,False
0.7999999999999999,0.07,0.04,0.13,7.8348546,55.045383,False
0.7999999999999999,0.07,0.045,0.13,7.8348546,55.045383,False
0.7999999999999999,0.07,0.05,0.13,7.5566096,51.6417,False
0.7999999999999999,0.07,0.055,0.13,7.5566096,51.6417,False
0.7999999999999999,0.075,0.0,0.125,5.2049456,56.42283,False
0.7999999999999999,0.075,0.005,0.125,5.2049456,56.42283,False
0.7999999999999999,0.075,0.01,0.125,6.5443125,66.67559,False
0.7999999999999999,0.075,0.015,0.125,6.5443125,66.67559,False
0.7999999999999999,0.075,0.02,0.125,9.9719925,70.70959,False
0.7999999999999999,0.075,0.025,0.125,9.9719925,70.70959,False
0.7999999999999999,0.075,0.03,0.125,10.178438,67.179405,False
0.7999999999999999,0.075,0.035,0.125,10.178438,67.179405,False
0.7999999999999999,0.075,0.04,0.125,8.380845,61.887108,False
0.7999999999999999,0.075,0.045,0.125,8.380845,61.887108,False
0.7999999999999999,0.075,0.05,0.125,8.102597,57.278404,False
0.7999999999999999,0.075,0.055,0.125,8.102597,57.278404,False
0.7999999999999999,0.08,0.0,0.12,5.1990976,58.61126,False
0.7999999999999999,0.08,0.005,0.12,5.1990976,58.61126,False
0.7999999999999999,0.08,0.01,0.12,6.199836,67.07978,False
0.7999999999999999,0.08,0.015,0.12,6.199836,67.07978,False
0.7999999999999999,0.08,0.02,0.12,9.377787,71.150986,False
0.7999999999999999,0.08,0.025,0.12,9.377787,71.150986,False
0.7999999999999999,0.08,0.03,0.12,8.497768,67.59935,False
0.7999999999999999,0.08,0.035,0.12,8.497768,67.59935,False
0.7999999999999999,0.08,0.04,0.12,6.338197,62.256374,False
0.7999999999999999,0.08,0.045,0.12,6.338197,62.256374,False
0.7999999999999999,0.08,0.05,0.12,6.027667,57.562786,False
0.7999999999999999,0.08,0.055,0.12,6.027667,57.562786,False
0.7999999999999999,0.0875,0.0,0.1125,5.1990976,58.61126,False
0.7999999999999999,0.0875,0.005,0.1125,5.1990976,58.61126,False
0.7999999999999999,0.0875,0.01,0.1125,6.199836,67.07978,False
0.7999999999999999,0.0875,0.015,0.1125,6.199836,67.07978,False
0.7999999999999999,0.0875,0.02,0.1125,9.377787,71.150986,False
0.7999999999999999,0.0875,0.025,0.1125,9.377787,71.150986,False
0.7999999999999999,0.0875,0.03,0.1125,8.497768,67.59935,False
0.7999999999999999,0.0875,0.035,0.1125,8.497768,67.59935,False
0.7999999999999999,0.0875,0.04,0.1125,6.338197,62.256374,False
0.7999999999999999,0.0875,0.045,0.1125,6.338197,62.256374,False
0.7999999999999999,0.0875,0.05,0.1125,6.027667,57.562786,False
0.7999999999999999,0.0875,0.055,0.1125,6.027667,57.562786,False
0.7999999999999999,0.09,0.0,0.11,5.1990976,58.61126,False
0.7999999999999999,0.09,0.005,0.11,5.1990976,58.61126,False
0.7999999999999999,0.09,0.01,0.11,6.199836,67.07978,False
0.7999999999999999,0.09,0.015,0.11,6.199836,67.07978,False
0.7999999999999999,0.09,0.02,0.11,9.377787,71.150986,False
0.7999999999999999,0.09,0.025,0.11,9.377787,71.150986,False
0.7999999999999999,0.09,0.03,0.11,8.497768,67.59935,False
0.7999999999999999,0.09,0.035,0.11,8.497768,67.59935,False
0.7999999999999999,0.09,0.04,0.11,6.338197,62.256374,False
0.7999999999999999,0.09,0.045,0.11,6.338197,62.256374,False
0.7999999999999999,0.09,0.05,0.11,6.027667,57.562786,False
0.7999999999999999,0.09,0.055,0.11,6.027667,57.562786,False
0.7999999999999999,0.1,0.0,0.1,5.3965254,57.642292,False
0.7999999999999999,0.1,0.005,0.1,5.3965254,57.642292,False
0.7999999999999999,0.1,0.01,0.1,6.4101105,66.51132,False
0.7999999999999999,0.1,0.015,0.1,6.4101105,66.51132,False
0.7999999999999999,0.1,0.02,0.1,10.345925,70.65174,False
0.7999999999999999,0.1,0.025,0.1,10.345925,70.65174,False
0.7999999999999999,0.1,0.03,0.1,9.316991,65.864784,False
0.7999999999999999,0.1,0.035,0.1,9.316991,65.864784,False
0.7999999999999999,0.1,0.04,0.1,7.0023594,61.663555,False
0.7999999999999999,0.1,0.045,0.1,7.0023594,61.663555,False
0.7999999999999999,0.1,0.05,0.1,6.6830497,56.955914,False
0.7999999999999999,0.1,0.055,0.1,6.6830497,56.955914,False
0.7999999999999999,0.11,0.0,0.09,5.065737,57.353466,False
0.7999999999999999,0.11,0.005,0.09,5.065737,57.353466,False
0.7999999999999999,0.11,0.01,0.09,5.525369,66.59569,False
0.7999999999999999,0.11,0.015,0.09,5.525369,66.59569,False
0.7999999999999999,0.11,0.02,0.09,8.725767,70.697876,False
0.7999999999999999,0.11,0.025,0.09,8.725767,70.697876,False
0.7999999999999999,0.11,0.03,0.09,8.600021,65.985344,False
0.7999999999999999,0.11,0.035,0.09,8.600021,65.985344,False
0.7999999999999999,0.11,0.04,0.09,6.2946124,61.779007,False
0.7999999999999999,0.11,0.045,0.09,6.2946124,61.779007,False
0.7999999999999999,0.11,0.05,0.09,5.968486,57.131912,False
0.7999999999999999,0.11,0.055,0.09,5.968486,57.131912,False
0.7999999999999999,0.1125,0.0,0.0875,5.065737,57.353466,False
0.7999999999999999,0.1125,0.005,0.0875,5.065737,57.353466,False
0.7999999999999999,0.1125,0.01,0.0875,5.525369,66.59569,False
0.7999999999999999,0.1125,0.015,0.0875,5.525369,66.59569,False
0.7999999999999999,0.1125,0.02,0.0875,8.725767,70.697876,False
0.7999999999999999,0.1125,0.025,0.0875,8.725767,70.697876,False
0.7999999999999999,0.1125,0.03,0.0875,8.600021,65.985344,False
0.7999999999999999,0.1125,0.035,0.0875,8.600021,65.985344,False
0.7999999999999999,0.1125,0.04,0.0875,6.2946124,61.779007,False
0.7999999999999999,0.1125,0.045,0.0875,6.2946124,61.779007,False
0.7999999999999999,0.1125,0.05,0.0875,5.968486,57.131912,False
0.7999999999999999,0.1125,0.055,0.0875,5.968486,57.131912,False
0.7999999999999999,0.12,0.0,0.08,5.065737,57.353466,False
0.7999999999999999,0.12,0.005,0.08,5.065737,57.353466,False
0.7999999999999999,0.12,0.01,0.08,5.525369,66.59569,False
0.7999999999999999,0.12,0.015,0.08,5.525369,66.59569,False
0.7999999999999999,0.12,0.02,0.08,8.725767,70.697876,False
0.7999999999999999,0.12,0.025,0.08,8.725767,70.697876,False
0.7999999999999999,0.12,0.03,0.08,8.600021,65.985344,False
0.7999999999999999,0.12,0.035,0.08,8.600021,65.985344,False
0.7999999999999999,0.12,0.04,0.08,6.2946124,61.779007,False
0.7999999999999999,0.12,0.045,0.08,6.2946124,61.779007,False
0.7999999999999999,0.12,0.05,0.08,5.968486,57.131912,False
0.7999999999999999,0.12,0.055,0.08,5.968486,57.131912,False
0.7999999999999999,0.125,0.0,0.075,4.5908093,56.85723,False
0.7999999999999999,0.125,0.005,0.075,4.5908093,56.85723,False
0.7999999999999999,0.125,0.01,0.075,5.2179723,66.347046,False
0.7999999999999999,0.125,0.015,0.075,5.2179723,66.347046,False
0.7999999999999999,0.125,0.02,0.075,8.394618,70.54768,False
0.7999999999999999,0.125,0.025,0.075,8.394618,70.54768,False
0.7999999999999999,0.125,0.03,0.075,8.675823,65.87777,False
0.7999999999999999,0.125,0.035,0.075,8.675823,65.87777,False
0.7999999999999999,0.125,0.04,0.075,6.7702045,62.363083,False
0.7999999999999999,0.125,0.045,0.075,6.7702045,62.363083,False
0.7999999999999999,0.125,0.05,0.075,6.7971373,59.222828,False
0.7999999999999999,0.125,0.055,0.075,6.7971373,59.222828,False
0.7999999999999999,0.13,0.0,0.07,3.7506042,56.823593,False
0.7999999999999999,0.13,0.005,0.07,3.7506042,56.823593,False
0.7999999999999999,0.13,0.01,0.07,4.442429,66.347046,False
0.7999999999999999,0.13,0.015,0.07,4.442429,66.347046,False
0.7999999999999999,0.13,0.02,0.07,7.461243,70.54768,False
0.7999999999999999,0.13,0.025,0.07,7.461243,70.54768,False
0.7999999999999999,0.13,0.03,0.07,7.934641,65.87777,False
0.7999999999999999,0.13,0.035,0.07,7.934641,65.87777,False
0.7999999999999999,0.13,0.04,0.07,6.136609,62.363083,False
0.7999999999999999,0.13,0.045,0.07,6.136609,62.363083,False
0.7999999999999999,0.13,0.05,0.07,6.163542,59.222828,False
0.7999999999999999,0.13,0.055,0.07,6.163542,59.222828,False
0.7999999999999999,0.1375,0.0,0.0625,3.8182733,58.635532,False
0.7999999999999999,0.1375,0.005,0.0625,3.8182733,58.635532,False
0.7999999999999999,0.1375,0.01,0.0625,4.446504,67.06077,False
0.7999999999999999,0.1375,0.015,0.0625,4.446504,67.06077,False
0.7999999999999999,0.1375,0.02,0.0625,7.2948165,70.717476,False
0.7999999999999999,0.1375,0.025,0.0625,7.2948165,70.717476,False
0.7999999999999999,0.1375,0.03,0.0625,7.818166,66.04756,False
0.7999999999999999,0.1375,0.035,0.0625,7.818166,66.04756,False
0.7999999999999999,0.1375,0.04,0.0625,5.964013,63.231544,False
0.7999999999999999,0.1375,0.045,0.0625,5.964013,63.231544,False
0.7999999999999999,0.1375,0.05,0.0625,5.990946,60.14725,False
0.7999999999999999,0.1375,0.055,0.0625,5.990946,60.14725,False
0.7999999999999999,0.14,0.0,0.06,3.8182733,58.635532,False
0.7999999999999999,0.14,0.005,0.06,3.8182733,58.635532,False
0.7999999999999999,0.14,0.01,0.06,4.446504,67.06077,False
0.7999999999999999,0.14,0.015,0.06,4.446504,67.06077,False
0.7999999999999999,0.14,0.02,0.06,7.2948165,70.717476,False
0.7999999999999999,0.14,0.025,0.06,7.2948165,70.717476,False
0.7999999999999999,0.14,0.03,0.06,7.818166,66.04756,False
0.7999999999999999,0.14,0.035,0.06,7.818166,66.04756,False
0.7999999999999999,0.14,0.04,0.06,5.964013,63.231544,False
0.7999999999999999,0.14,0.045,0.06,5.964013,63.231544,False
0.7999999999999999,0.14,0.05,0.06,5.990946,60.14725,False
0.7999999999999999,0.14,0.055,0.06,5.990946,60.14725,False
0.7999999999999999,0.15,0.0,0.05,3.8182733,58.635532,False
0.7999999999999999,0.15,0.005,0.05,3.8182733,58.635532,False
0.7999999999999999,0.15,0.01,0.05,4.446504,67.06077,False
0.7999999999999999,0.15,0.015,0.05,4.446504,67.06077,False
0.7999999999999999,0.15,0.02,0.05,7.2948165,70.717476,False
0.7999999999999999,0.15,0.025,0.05,7.2948165,70.717476,False
0.7999999999999999,0.15,0.03,0.05,7.818166,66.04756,False
0.7999999999999999,0.15,0.035,0.05,7.818166,66.04756,False
0.7999999999999999,0.15,0.04,0.05,5.964013,63.231544,False
0.7999999999999999,0.15,0.045,0.05,5.964013,63.231544,False
0.7999999999999999,0.15,0.05,0.05,5.990946,60.14725,False
0.7999999999999999,0.15,0.055,0.05,5.990946,60.14725,False
0.7999999999999999,0.2,0.0,0.0,3.899768,58.635532,False
0.7999999999999999,0.2,0.005,0.0,3.899768,58.635532,False
0.7999999999999999,0.2,0.01,0.0,4.522205,67.06077,False
0.7999999999999999,0.2,0.015,0.0,4.522205,67.06077,False
0.7999999999999999,0.2,0.02,0.0,7.386453,70.717476,False
0.7999999999999999,0.2,0.025,0.0,7.386453,70.717476,False
0.7999999999999999,0.2,0.03,0.0,7.8518505,66.04756,False
0.7999999999999999,0.2,0.035,0.0,7.8518505,66.04756,False
0.7999999999999999,0.2,0.04,0.0,5.964013,63.231544,False
0.7999999999999999,0.2,0.045,0.0,5.964013,63.231544,False
0.7999999999999999,0.2,0.05,0.0,5.990946,60.14725,False
0.7999999999999999,0.2,0.055,0.0,5.990946,60.14725,False
0.82,0.03,0.0,0.15,4.643856,44.127396,False
0.82,0.03,0.005,0.15,4.643856,44.127396,False
0.82,0.03,0.01,0.15,5.8774934,56.366104,False
0.82,0.03,0.015,0.15,5.8774934,56.366104,False
0.82,0.03,0.02,0.15,8.694339,58.703396,False
0.82,0.03,0.025,0.15,8.694339,58.703396,False
0.82,0.03,0.03,0.15,8.873063,56.00433,False
0.82,0.03,0.035,0.15,8.873063,56.00433,False
0.82,0.03,0.04,0.15,7.345199,52.806927,False
0.82,0.03,0.045,0.15,7.345199,52.806927,False
0.82,0.03,0.05,0.15,7.040219,50.03858,False
0.82,0.03,0.055,0.15,7.040219,50.03858,False
0.82,0.04,0.0,0.14,4.224329,44.127396,False
0.82,0.04,0.005,0.14,4.224329,44.127396,False
0.82,0.04,0.01,0.14,5.4950547,56.366104,False
0.82,0.04,0.015,0.14,5.4950547,56.366104,False
0.82,0.04,0.02,0.14,8.46854,58.703396,False
0.82,0.04,0.025,0.14,8.46854,58.703396,False
0.82,0.04,0.03,0.14,8.800194,56.00433,False
0.82,0.04,0.035,0.14,8.800194,56.00433,False
0.82,0.04,0.04,0.14,7.272331,52.806927,False
0.82,0.04,0.045,0.14,7.272331,52.806927,False
0.82,0.04,0.05,0.14,6.967351,50.03858,False
0.82,0.04,0.055,0.14,6.967351,50.03858,False
0.82,0.05,0.0,0.13,4.3422084,45.592327,False
0.82,0.05,0.005,0.13,4.3422084,45.592327,False
0.82,0.05,0.01,0.13,5.545327,58.76747,False
0.82,0.05,0.015,0.13,5.545327,58.76747,False
0.82,0.05,0.02,0.13,8.631829,61.6178,False
0.82,0.05,0.025,0.13,8.631829,61.6178,False
0.82,0.05,0.03,0.13,9.007962,58.6685,False
0.82,0.05,0.035,0.13,9.007962,58.6685,False
0.82,0.05,0.04,0.13,7.504767,54.85609,False
0.82,0.05,0.045,0.13,7.504767,54.85609,False
0.82,0.05,0.05,0.13,7.23838,51.452415,False
0.82,0.05,0.055,0.13,7.23838,51.452415,False
0.82,0.06,0.0,0.12,4.409448,47.780746,False
0.82,0.06,0.005,0.12,4.409448,47.780746,False
0.82,0.06,0.01,0.12,5.273938,59.17167,False
0.82,0.06,0.015,0.12,5.273938,59.17167,False
0.82,0.06,0.02,0.12,8.110716,62.059216,False
0.82,0.06,0.025,0.12,8.110716,62.059216,False
0.82,0.06,0.03,0.12,7.4003835,59.088448,False
0.82,0.06,0.035,0.12,7.4003835,59.088448,False
0.82,0.06,0.04,0.12,5.535204,55.22535,False
0.82,0.06,0.045,0.12,5.535204,55.22535,False
0.82,0.06,0.05,0.12,5.236531,51.736794,False
0.82,0.06,0.055,0.12,5.236531,51.736794,False
0.82,0.07,0.0,0.11,4.699284,48.05641,False
0.82,0.07,0.005,0.11,4.699284,48.05641,False
0.82,0.07,0.01,0.11,5.726929,59.419064,False
0.82,0.07,0.015,0.11,5.726929,59.419064,False
0.82,0.07,0.02,0.11,8.904879,62.58393,False
0.82,0.07,0.025,0.11,8.904879,62.58393,False
0.82,0.07,0.03,0.11,8.024862,59.368313,False
0.82,0.07,0.035,0.11,8.024862,59.368313,False
0.82,0.07,0.04,0.11,5.8652906,55.414642,False
0.82,0.07,0.045,0.11,5.8652906,55.414642,False
0.82,0.07,0.05,0.11,5.5547605,51.926083,False
0.82,0.07,0.055,0.11,5.5547605,51.926083,False
0.82,0.08,0.0,0.1,5.1990976,58.61126,False
0.82,0.08,0.005,0.1,5.1990976,58.61126,False
0.82,0.08,0.01,0.1,6.199836,67.07978,False
0.82,0.08,0.015,0.1,6.199836,67.07978,False
0.82,0.08,0.02,0.1,9.377787,71.150986,False
0.82,0.08,0.025,0.1,9.377787,71.150986,False
0.82,0.08,0.03,0.1,8.497768,67.59935,False
0.82,0.08,0.035,0.1,8.497768,67.59935,False
0.82,0.08,0.04,0.1,6.338197,62.256374,False
0.82,0.08,0.045,0.1,6.338197,62.256374,False
0.82,0.08,0.05,0.1,6.027667,57.562786,False
0.82,0.08,0.055,0.1,6.027667,57.562786,False
0.82,0.09,0.0,0.09,4.648346,58.322433,False
0.82,0.09,0.005,0.09,4.648346,58.322433,False
0.82,0.09,0.01,0.09,5.095133,67.16415,False
0.82,0.09,0.015,0.09,5.095133,67.16415,False
0.82,0.09,0.02,0.09,7.5376654,71.19712,False
0.82,0.09,0.025,0.09,7.5376654,71.19712,False
0.82,0.09,0.03,0.09,7.5608387,67.71992,False
0.82,0.09,0.035,0.09,7.5608387,67.71992,False
0.82,0.09,0.04,0.09,5.410487,62.371826,False
0.82,0.09,0.045,0.09,5.410487,62.371826,False
0.82,0.09,0.05,0.09,5.093141,57.738785,False
0.82,0.09,0.055,0.09,5.093141,57.738785,False
0.82,0.1,0.0,0.08,5.065737,57.353466,False
0.82,0.1,0.005,0.08,5.065737,57.353466,False
0.82,0.1,0.01,0.08,5.525369,66.59569,False
0.82,0.1,0.015,0.08,5.525369,66.59569,False
0.82,0.1,0.02,0.08,8.725767,70.697876,False
0.82,0.1,0.025,0.08,8.725767,70.697876,False
0.82,0.1,0.03,0.08,8.600021,65.985344,False
0.82,0.1,0.035,0.08,8.600021,65.985344,False
0.82,0.1,0.04,0.08,6.2946124,61.779007,False
0.82,0.1,0.045,0.08,6.2946124,61.779007,False
0.82,0.1,0.05,0.08,5.968486,57.131912,False
0.82,0.1,0.055,0.08,5.968486,57.131912,False
0.82,0.11,0.0,0.07,4.2329783,57.319828,False
0.82,0.11,0.005,0.07,4.2329783,57.319828,False
0.82,0.11,0.01,0.07,4.757271,66.59569,False
0.82,0.11,0.015,0.07,4.757271,66.59569,False
0.82,0.11,0.02,0.07,7.799836,70.697876,False
0.82,0.11,0.025,0.07,7.799836,70.697876,False
0.82,0.11,0.03,0.07,7.8662834,65.985344,False
0.82,0.11,0.035,0.07,7.8662834,65.985344,False
0.82,0.11,0.04,0.07,5.668462,61.779007,False
0.82,0.11,0.045,0.07,5.668462,61.779007,False
0.82,0.11,0.05,0.07,5.342335,57.131912,False
0.82,0.11,0.055,0.07,5.342335,57.131912,False
0.82,0.12,0.0,0.06,4.144928,59.82406,False
0.82,0.12,0.005,0.06,4.144928,59.82406,False
0.82,0.12,0.01,0.06,4.666011,68.01571,False
0.82,0.12,0.015,0.06,4.666011,68.01571,False
0.82,0.12,0.02,0.06,7.5837708,71.57397,False
0.82,0.12,0.025,0.06,7.5837708,71.57397,False
0.82,0.12,0.03,0.06,7.7424135,66.861435,False
0.82,0.12,0.035,0.06,7.7424135,66.861435,False
0.82,0.12,0.04,0.06,5.544592,63.70412,False
0.82,0.12,0.045,0.06,5.544592,63.70412,False
0.82,0.12,0.05,0.06,5.2184653,59.5656,False
0.82,0.12,0.055,0.06,5.2184653,59.5656,False
0.82,0.13,0.0,0.05,3.6625533,59.341843,False
0.82,0.13,0.005,0.05,3.6625533,59.341843,False
0.82,0.13,0.01,0.05,4.35117,67.76707,False
0.82,0.13,0.015,0.05,4.35117,67.76707,False
0.82,0.13,0.02,0.05,7.2451777,71.423775,False
0.82,0.13,0.025,0.05,7.2451777,71.423775,False
0.82,0.13,0.03,0.05,7.81077,66.75386,False
0.82,0.13,0.035,0.05,7.81077,66.75386,False
0.82,0.13,0.04,0.05,6.012739,63.9379,False
0.82,0.13,0.045,0.05,6.012739,63.9379,False
0.82,0.13,0.05,0.05,6.039672,60.853565,False
0.82,0.13,0.055,0.05,6.039672,60.853565,False
0.82,0.14,0.0,0.04,3.909911,58.635532,False
0.82,0.14,0.005,0.04,3.909911,58.635532,False
0.82,0.14,0.01,0.04,4.53814,67.06077,False
0.82,0.14,0.015,0.04,4.53814,67.06077,False
0.82,0.14,0.02,0.04,7.386453,70.717476,False
0.82,0.14,0.025,0.04,7.386453,70.717476,False
0.82,0.14,0.03,0.04,7.8518505,66.04756,False
0.82,0.14,0.035,0.04,7.8518505,66.04756,False
0.82,0.14,0.04,0.04,5.964013,63.231544,False
0.82,0.14,0.045,0.04,5.964013,63.231544,False
0.82,0.14,0.05,0.04,5.990946,60.14725,False
0.82,0.14,0.055,0.04,5.990946,60.14725,False
0.82,0.15,0.0,0.03,3.909911,58.635532,False
0.82,0.15,0.005,0.03,3.909911,58.635532,False
0.82,0.15,0.01,0.03,4.53814,67.06077,False
0.82,0.15,0.015,0.03,4.53814,67.06077,False
0.82,0.15,0.02,0.03,7.386453,70.717476,False
0.82,0.15,0.025,0.03,7.386453,70.717476,False
0.82,0.15,0.03,0.03,7.8518505,66.04756,False
0.82,0.15,0.035,0.03,7.8518505,66.04756,False
0.82,0.15,0.04,0.03,5.964013,63.231544,False
0.82,0.15,0.045,0.03,5.964013,63.231544,False
0.82,0.15,0.05,0.03,5.990946,60.14725,False
0.82,0.15,0.055,0.03,5.990946,60.14725,False
0.84,0.01,0.0,0.15,4.4859023,50.288776,False
0.84,0.01,0.005,0.15,4.4859023,50.288776,False
0.84,0.01,0.01,0.15,5.7739315,60.326702,False
0.84,0.01,0.015,0.15,5.7739315,60.326702,False
0.84,0.01,0.02,0.15,8.6565485,62.498055,False
0.84,0.01,0.025,0.15,8.6565485,62.498055,False
0.84,0.01,0.03,0.15,8.835273,59.76242,False
0.84,0.01,0.035,0.15,8.835273,59.76242,False
0.84,0.01,0.04,0.15,7.3074074,57.34983,False
0.84,0.01,0.045,0.15,7.3074074,57.34983,False
0.84,0.01,0.05,0.15,7.002427,55.240704,False
0.84,0.01,0.055,0.15,7.002427,55.240704,False
0.84,0.02,0.0,0.14,4.0663753,50.288776,False
0.84,0.02,0.005,0.14,4.0663753,50.288776,False
0.84,0.02,0.01,0.14,5.391493,60.326702,False
0.84,0.02,0.015,0.14,5.391493,60.326702,False
0.84,0.02,0.02,0.14,8.43075,62.498055,False
0.84,0.02,0.025,0.14,8.43075,62.498055,False
0.84,0.02,0.03,0.14,8.7624035,59.76242,False
0.84,0.02,0.035,0.14,8.7624035,59.76242,False
0.84,0.02,0.04,0.14,7.2345395,57.34983,False
0.84,0.02,0.045,0.14,7.2345395,57.34983,False
0.84,0.02,0.05,0.14,6.929559,55.240704,False
0.84,0.02,0.055,0.14,6.929559,55.240704,False
0.84,0.03,0.0,0.13,4.4075894,46.865314,False
0.84,0.03,0.005,0.13,4.4075894,46.865314,False
0.84,0.03,0.01,0.13,5.678315,59.93007,False
0.84,0.03,0.015,0.13,5.678315,59.93007,False
0.84,0.03,0.02,0.13,8.785696,62.620983,False
0.84,0.03,0.025,0.13,8.785696,62.620983,False
0.84,0.03,0.03,0.13,9.1173525,59.671688,False
0.84,0.03,0.035,0.13,9.1173525,59.671688,False
0.84,0.03,0.04,0.13,7.5894876,55.975765,False
0.84,0.03,0.045,0.13,7.5894876,55.975765,False
0.84,0.03,0.05,0.13,7.2845073,52.594826,False
0.84,0.03,0.055,0.13,7.2845073,52.594826,False
0.84,0.04,0.0,0.12,4.515569,49.053734,False
0.84,0.04,0.005,0.12,4.515569,49.053734,False
0.84,0.04,0.01,0.12,5.4476666,60.334274,False
0.84,0.04,0.015,0.12,5.4476666,60.334274,False
0.84,0.04,0.02,0.12,8.305323,63.06239,False
0.84,0.04,0.025,0.12,8.305323,63.06239,False
0.84,0.04,0.03,0.12,7.550512,60.091633,False
0.84,0.04,0.035,0.12,7.550512,60.091633,False
0.84,0.04,0.04,0.12,5.6606636,56.345024,False
0.84,0.04,0.045,0.12,5.6606636,56.345024,False
0.84,0.04,0.05,0.12,5.323398,52.879204,False
0.84,0.04,0.055,0.12,5.323398,52.879204,False
0.84,0.05,0.0,0.11,4.409448,47.780746,False
0.84,0.05,0.005,0.11,4.409448,47.780746,False
0.84,0.05,0.01,0.11,5.273938,59.17167,False
0.84,0.05,0.015,0.11,5.273938,59.17167,False
0.84,0.05,0.02,0.11,8.110716,62.059216,False
0.84,0.05,0.025,0.11,8.110716,62.059216,False
0.84,0.05,0.03,0.11,7.4003835,59.088448,False
0.84,0.05,0.035,0.11,7.4003835,59.088448,False
0.84,0.05,0.04,0.11,5.535204,55.22535,False
0.84,0.05,0.045,0.11,5.535204,55.22535,False
0.84,0.05,0.05,0.11,5.236531,51.736794,False
0.84,0.05,0.055,0.11,5.236531,51.736794,False
0.84,0.06,0.0,0.1,4.409448,47.780746,False
0.84,0.06,0.005,0.1,4.409448,47.780746,False
0.84,0.06,0.01,0.1,5.273938,59.17167,False
0.84,0.06,0.015,0.1,5.273938,59.17167,False
0.84,0.06,0.02,0.1,8.110716,62.059216,False
0.84,0.06,0.025,0.1,8.110716,62.059216,False
0.84,0.06,0.03,0.1,7.4003835,59.088448,False
0.84,0.06,0.035,0.1,7.4003835,59.088448,False
0.84,0.06,0.04,0.1,5.535204,55.22535,False
0.84,0.06,0.045,0.1,5.535204,55.22535,False
0.84,0.06,0.05,0.1,5.236531,51.736794,False
0.84,0.06,0.055,0.1,5.236531,51.736794,False
0.84,0.07,0.0,0.09,4.1485333,48.096493,False
0.84,0.07,0.005,0.09,4.1485333,48.096493,False
0.84,0.07,0.01,0.09,4.622226,59.596004,False
0.84,0.07,0.015,0.09,4.622226,59.596004,False
0.84,0.07,0.02,0.09,7.0647593,62.73699,False
0.84,0.07,0.025,0.09,7.0647593,62.73699,False
0.84,0.07,0.03,0.09,7.087932,59.56015,False
0.84,0.07,0.035,0.09,7.087932,59.56015,False
0.84,0.07,0.04,0.09,4.9375806,55.60648,False
0.84,0.07,0.045,0.09,4.9375806,55.60648,False
0.84,0.07,0.05,0.09,4.6202335,52.144035,False
0.84,0.07,0.055,0.09,4.6202335,52.144035,False
0.84,0.08,0.0,0.08,4.648346,58.322433,False
0.84,0.08,0.005,0.08,4.648346,58.322433,False
0.84,0.08,0.01,0.08,5.095133,67.16415,False
0.84,0.08,0.015,0.08,5.095133,67.16415,False
0.84,0.08,0.02,0.08,7.5376654,71.19712,False
0.84,0.08,0.025,0.08,7.5376654,71.19712,False
0.84,0.08,0.03,0.08,7.5608387,67.71992,False
0.84,0.08,0.035,0.08,7.5608387,67.71992,False
0.84,0.08,0.04,0.08,5.410487,62.371826,False
0.84,0.08,0.045,0.08,5.410487,62.371826,False
0.84,0.08,0.05,0.08,5.093141,57.738785,False
0.84,0.08,0.055,0.08,5.093141,57.738785,False
0.84,0.09,0.0,0.07,3.8155854,58.288795,False
0.84,0.09,0.005,0.07,3.8155854,58.288795,False
0.84,0.09,0.01,0.07,4.327034,67.16415,False
0.84,0.09,0.015,0.07,4.327034,67.16415,False
0.84,0.09,0.02,0.07,6.6117334,71.19712,False
0.84,0.09,0.025,0.07,6.6117334,71.19712,False
0.84,0.09,0.03,0.07,6.827098,67.71992,False
0.84,0.09,0.035,0.07,6.827098,67.71992,False
0.84,0.09,0.04,0.07,4.7843366,62.371826,False
0.84,0.09,0.045,0.07,4.7843366,62.371826,False
0.84,0.09,0.05,0.07,4.4669905,57.738785,False
0.84,0.09,0.055,0.07,4.4669905,57.738785,False
0.84,0.1,0.0,0.06,4.144928,59.82406,False
0.84,0.1,0.005,0.06,4.144928,59.82406,False
0.84,0.1,0.01,0.06,4.666011,68.01571,False
0.84,0.1,0.015,0.06,4.666011,68.01571,False
0.84,0.1,0.02,0.06,7.5837708,71.57397,False
0.84,0.1,0.025,0.06,7.5837708,71.57397,False
0.84,0.1,0.03,0.06,7.7424135,66.861435,False
0.84,0.1,0.035,0.06,7.7424135,66.861435,False
0.84,0.1,0.04,0.06,5.544592,63.70412,False
0.84,0.1,0.045,0.06,5.544592,63.70412,False
0.84,0.1,0.05,0.06,5.2184653,59.5656,False
0.84,0.1,0.055,0.06,5.2184653,59.5656,False
0.84,0.11,0.0,0.05,4.144928,59.82406,False
0.84,0.11,0.005,0.05,4.144928,59.82406,False
0.84,0.11,0.01,0.05,4.666011,68.01571,False
0.84,0.11,0.015,0.05,4.666011,68.01571,False
0.84,0.11,0.02,0.05,7.5837708,71.57397,False
0.84,0.11,0.025,0.05,7.5837708,71.57397,False
0.84,0.11,0.03,0.05,7.7424135,66.861435,False
0.84,0.11,0.035,0.05,7.7424135,66.861435,False
0.84,0.11,0.04,0.05,5.544592,63.70412,False
0.84,0.11,0.045,0.05,5.544592,63.70412,False
0.84,0.11,0.05,0.05,5.2184653,59.5656,False
0.84,0.11,0.055,0.05,5.2184653,59.5656,False
0.84,0.12,0.0,0.04,4.236564,59.82406,False
0.84,0.12,0.005,0.04,4.236564,59.82406,False
0.84,0.12,0.01,0.04,4.757647,68.01571,False
0.84,0.12,0.015,0.04,4.757647,68.01571,False
0.84,0.12,0.02,0.04,7.6754065,71.57397,False
0.84,0.12,0.025,0.04,7.6754065,71.57397,False
0.84,0.12,0.03,0.04,7.7760983,66.861435,False
0.84,0.12,0.035,0.04,7.7760983,66.861435,False
0.84,0.12,0.04,0.04,5.544592,63.70412,False
0.84,0.12,0.045,0.04,5.544592,63.70412,False
0.84,0.12,0.05,0.04,5.2184653,59.5656,False
0.84,0.12,0.055,0.04,5.2184653,59.5656,False
0.84,0.13,0.0,0.03,3.754191,59.341843,False
0.84,0.13,0.005,0.03,3.754191,59.341843,False
0.84,0.13,0.01,0.03,4.442806,67.76707,False
0.84,0.13,0.015,0.03,4.442806,67.76707,False
0.84,0.13,0.02,0.03,7.3368134,71.423775,False
0.84,0.13,0.025,0.03,7.3368134,71.423775,False
0.84,0.13,0.03,0.03,7.844455,66.75386,False
0.84,0.13,0.035,0.03,7.844455,66.75386,False
0.84,0.13,0.04,0.03,6.012739,63.9379,False
0.84,0.13,0.045,0.03,6.012739,63.9379,False
0.84,0.13,0.05,0.03,6.039672,60.853565,False
0.84,0.13,0.055,0.03,6.039672,60.853565,False
0.84,0.14,0.0,0.02,3.899768,58.635532,False
0.84,0.14,0.005,0.02,3.899768,58.635532,False
0.84,0.14,0.01,0.02,4.522205,67.06077,False
0.84,0.14,0.015,0.02,4.522205,67.06077,False
0.84,0.14,0.02,0.02,7.386453,70.717476,False
0.84,0.14,0.025,0.02,7.386453,70.717476,False
0.84,0.14,0.03,0.02,7.8518505,66.04756,False
0.84,0.14,0.035,0.02,7.8518505,66.04756,False
0.84,0.14,0.04,0.02,5.964013,63.231544,False
0.84,0.14,0.045,0.02,5.964013,63.231544,False
0.84,0.14,0.05,0.02,5.990946,60.14725,False
0.84,0.14,0.055,0.02,5.990946,60.14725,False
0.84,0.15,0.0,0.01,3.899768,58.635532,False
0.84,0.15,0.005,0.01,3.899768,58.635532,False
0.84,0.15,0.01,0.01,4.522205,67.06077,False
0.84,0.15,0.015,0.01,4.522205,67.06077,False
0.84,0.15,0.02,0.01,7.386453,70.717476,False
0.84,0.15,0.025,0.01,7.386453,70.717476,False
0.84,0.15,0.03,0.01,7.8518505,66.04756,False
0.84,0.15,0.035,0.01,7.8518505,66.04756,False
0.84,0.15,0.04,0.01,5.964013,63.231544,False
0.84,0.15,0.045,0.01,5.964013,63.231544,False
0.84,0.15,0.05,0.01,5.990946,60.14725,False
0.84,0.15,0.055,0.01,5.990946,60.14725,False
0.86,0.0,0.0,0.14,3.3950696,58.526257,False
0.86,0.0,0.005,0.14,3.3950696,58.526257,False
0.86,0.0,0.01,0.14,4.3515472,66.812874,False
0.86,0.0,0.015,0.14,4.3515472,66.812874,False
0.86,0.0,0.02,0.14,6.6130342,67.859695,False
0.86,0.0,0.025,0.14,6.6130342,67.859695,False
0.86,0.0,0.03,0.14,7.461905,67.9635,False
0.86,0.0,0.035,0.14,7.461905,67.9635,False
0.86,0.0,0.04,0.14,6.2798223,64.2956,False
0.86,0.0,0.045,0.14,6.2798223,64.2956,False
0.86,0.0,0.05,0.14,6.0018764,62.431183,False
0.86,0.0,0.055,0.14,6.0018764,62.431183,False
0.86,0.01,0.0,0.13,3.17956,61.33985,False
0.86,0.01,0.005,0.13,3.17956,61.33985,False
0.86,0.01,0.01,0.13,4.1360373,70.16775,False
0.86,0.01,0.015,0.13,4.1360373,70.16775,False
0.86,0.01,0.02,0.13,6.531421,71.48807,False
0.86,0.01,0.025,0.13,6.531421,71.48807,False
0.86,0.01,0.03,0.13,7.380292,71.58281,False
0.86,0.01,0.035,0.13,7.380292,71.58281,False
0.86,0.01,0.04,0.13,6.1982093,67.386604,False
0.86,0.01,0.045,0.13,6.1982093,67.386604,False
0.86,0.01,0.05,0.13,5.9202633,65.18385,False
0.86,0.01,0.055,0.13,5.9202633,65.18385,False
0.86,0.02,0.0,0.12,3.2681687,62.669308,False
0.86,0.02,0.005,0.12,3.2681687,62.669308,False
0.86,0.02,0.01,0.12,3.8860178,70.48843,False
0.86,0.02,0.015,0.12,3.8860178,70.48843,False
0.86,0.02,0.02,0.12,6.031673,71.8421,False
0.86,0.02,0.025,0.12,6.031673,71.8421,False
0.86,0.02,0.03,0.12,5.7940755,71.94359,False
0.86,0.02,0.035,0.12,5.7940755,71.94359,False
0.86,0.02,0.04,0.12,4.2500124,67.69157,False
0.86,0.02,0.045,0.12,4.2500124,67.69157,False
0.86,0.02,0.05,0.12,3.9397807,65.4413,False
0.86,0.02,0.055,0.12,3.9397807,65.4413,False
0.86,0.03,0.0,0.11,3.426122,56.624016,False
0.86,0.03,0.005,0.11,3.426122,56.624016,False
0.86,0.03,0.01,0.11,3.9895792,66.70913,False
0.86,0.03,0.015,0.11,3.9895792,66.70913,False
0.86,0.03,0.02,0.11,6.0694647,68.25144,False
0.86,0.03,0.025,0.11,6.0694647,68.25144,False
0.86,0.03,0.03,0.11,5.831867,68.39903,False
0.86,0.03,0.035,0.11,5.831867,68.39903,False
0.86,0.03,0.04,0.11,4.287804,63.328407,False
0.86,0.03,0.045,0.11,4.287804,63.328407,False
0.86,0.03,0.05,0.11,3.9775724,60.365425,False
0.86,0.03,0.055,0.11,3.9775724,60.365425,False
0.86,0.04,0.0,0.1,3.426122,56.624016,False
0.86,0.04,0.005,0.1,3.426122,56.624016,False
0.86,0.04,0.01,0.1,3.9895792,66.70913,False
0.86,0.04,0.015,0.1,3.9895792,66.70913,False
0.86,0.04,0.02,0.1,6.0694647,68.25144,False
0.86,0.04,0.025,0.1,6.0694647,68.25144,False
0.86,0.04,0.03,0.1,5.831867,68.39903,False
0.86,0.04,0.035,0.1,5.831867,68.39903,False
0.86,0.04,0.04,0.1,4.287804,63.328407,False
0.86,0.04,0.045,0.1,4.287804,63.328407,False
0.86,0.04,0.05,0.1,3.9775724,60.365425,False
0.86,0.04,0.055,0.1,3.9775724,60.365425,False
0.86,0.05,0.0,0.09,2.7724476,55.445698,False
0.86,0.05,0.005,0.09,2.7724476,55.445698,False
0.86,0.05,0.01,0.09,2.7143447,65.72351,False
0.86,0.05,0.015,0.09,2.7143447,65.72351,False
0.86,0.05,0.02,0.09,4.0379343,67.401344,False
0.86,0.05,0.025,0.09,4.0379343,67.401344,False
0.86,0.05,0.03,0.09,4.7480054,67.58771,False
0.86,0.05,0.035,0.09,4.7480054,67.58771,False
0.86,0.05,0.04,0.09,3.2378292,62.40053,False
0.86,0.05,0.045,0.09,3.2378292,62.40053,False
0.86,0.05,0.05,0.09,2.9593754,59.44095,False
0.86,0.05,0.055,0.09,2.9593754,59.44095,False
0.86,0.06,0.0,0.08,2.7724476,55.445698,False
0.86,0.06,0.005,0.08,2.7724476,55.445698,False
0.86,0.06,0.01,0.08,2.7143447,65.72351,False
0.86,0.06,0.015,0.08,2.7143447,65.72351,False
0.86,0.06,0.02,0.08,4.0379343,67.401344,False
0.86,0.06,0.025,0.08,4.0379343,67.401344,False
0.86,0.06,0.03,0.08,4.7480054,67.58771,False
0.86,0.06,0.035,0.08,4.7480054,67.58771,False
0.86,0.06,0.04,0.08,3.2378292,62.40053,False
0.86,0.06,0.045,0.08,3.2378292,62.40053,False
0.86,0.06,0.05,0.08,2.9593754,59.44095,False
0.86,0.06,0.055,0.08,2.9593754,59.44095,False
0.86,0.07,0.0,0.07,2.293785,55.52972,False
0.86,0.07,0.005,0.07,2.293785,55.52972,False
0.86,0.07,0.01,0.07,2.4634972,65.84755,False
0.86,0.07,0.015,0.07,2.4634972,65.84755,False
0.86,0.07,0.02,0.07,3.9704251,67.802734,False
0.86,0.07,0.025,0.07,3.9704251,67.802734,False
0.86,0.07,0.03,0.07,4.7030053,67.74423,False
0.86,0.07,0.035,0.07,4.7030053,67.74423,False
0.86,0.07,0.04,0.07,3.0060267,62.466488,False
0.86,0.07,0.045,0.07,3.0060267,62.466488,False
0.86,0.07,0.05,0.07,2.715715,59.5069,False
0.86,0.07,0.055,0.07,2.715715,59.5069,False
0.86,0.08,0.0,0.06,2.7360437,66.274765,False
0.86,0.08,0.005,0.06,2.7360437,66.274765,False
0.86,0.08,0.01,0.06,2.8756394,73.22739,False
0.86,0.08,0.015,0.06,2.8756394,73.22739,False
0.86,0.08,0.02,0.06,4.2577624,75.445656,False
0.86,0.08,0.025,0.06,4.2577624,75.445656,False
0.86,0.08,0.03,0.06,5.0825386,75.387146,False
0.86,0.08,0.035,0.06,5.0825386,75.387146,False
0.86,0.08,0.04,0.06,3.3855598,69.712425,False
0.86,0.08,0.045,0.06,3.3855598,69.712425,False
0.86,0.08,0.05,0.06,3.0952475,66.372765,False
0.86,0.08,0.055,0.06,3.0952475,66.372765,False
0.86,0.09,0.0,0.05,2.7360437,66.274765,False
0.86,0.09,0.005,0.05,2.7360437,66.274765,False
0.86,0.09,0.01,0.05,2.8756394,73.22739,False
0.86,0.09,0.015,0.05,2.8756394,73.22739,False
0.86,0.09,0.02,0.05,4.2577624,75.445656,False
0.86,0.09,0.025,0.05,4.2577624,75.445656,False
0.86,0.09,0.03,0.05,5.0825386,75.387146,False
0.86,0.09,0.035,0.05,5.0825386,75.387146,False
0.86,0.09,0.04,0.05,3.3855598,69.712425,False
0.86,0.09,0.045,0.05,3.3855598,69.712425,False
0.86,0.09,0.05,0.05,3.0952475,66.372765,False
0.86,0.09,0.055,0.05,3.0952475,66.372765,False
0.86,0.1,0.0,0.04,3.2450697,66.00563,False
0.86,0.1,0.005,0.04,3.2450697,66.00563,False
0.86,0.1,0.01,0.04,3.3975124,72.823166,False
0.86,0.1,0.015,0.04,3.3975124,72.823166,False
0.86,0.1,0.02,0.04,5.537502,75.11958,False
0.86,0.1,0.025,0.04,5.537502,75.11958,False
0.86,0.1,0.03,0.04,6.155409,73.82573,False
0.86,0.1,0.035,0.04,6.155409,73.82573,False
0.86,0.1,0.04,0.04,4.269687,69.331696,False
0.86,0.1,0.045,0.04,4.269687,69.331696,False
0.86,0.1,0.05,0.04,3.9705958,65.978004,False
0.86,0.1,0.055,0.04,3.9705958,65.978004,False
0.86,0.11,0.0,0.03,3.2450697,66.00563,False
0.86,0.11,0.005,0.03,3.2450697,66.00563,False
0.86,0.11,0.01,0.03,3.3975124,72.823166,False
0.86,0.11,0.015,0.03,3.3975124,72.823166,False
0.86,0.11,0.02,0.03,5.537502,75.11958,False
0.86,0.11,0.025,0.03,5.537502,75.11958,False
0.86,0.11,0.03,0.03,6.155409,73.82573,False
0.86,0.11,0.035,0.03,6.155409,73.82573,False
0.86,0.11,0.04,0.03,4.269687,69.331696,False
0.86,0.11,0.045,0.03,4.269687,69.331696,False
0.86,0.11,0.05,0.03,3.9705958,65.978004,False
0.86,0.11,0.055,0.03,3.9705958,65.978004,False
0.86,0.12,0.0,0.02,3.2349288,66.00563,False
0.86,0.12,0.005,0.02,3.2349288,66.00563,False
0.86,0.12,0.01,0.02,3.381578,72.823166,False
0.86,0.12,0.015,0.02,3.381578,72.823166,False
0.86,0.12,0.02,0.02,5.537502,75.11958,False
0.86,0.12,0.025,0.02,5.537502,75.11958,False
0.86,0.12,0.03,0.02,6.155409,73.82573,False
0.86,0.12,0.035,0.02,6.155409,73.82573,False
0.86,0.12,0.04,0.02,4.269687,69.331696,False
0.86,0.12,0.045,0.02,4.269687,69.331696,False
0.86,0.12,0.05,0.02,3.9705958,65.978004,False
0.86,0.12,0.055,0.02,3.9705958,65.978004,False
0.86,0.13,0.0,0.01,2.7411437,65.69991,False
0.86,0.13,0.005,0.01,2.7411437,65.69991,False
0.86,0.13,0.01,0.01,3.0553236,72.76767,False
0.86,0.13,0.015,0.01,3.0553236,72.76767,False
0.86,0.13,0.02,0.01,5.187495,75.130585,False
0.86,0.13,0.025,0.01,5.187495,75.130585,False
0.86,0.13,0.03,0.01,6.2123523,73.879364,False
0.86,0.13,0.035,0.01,6.2123523,73.879364,False
0.86,0.13,0.04,0.01,4.726422,69.74788,False
0.86,0.13,0.045,0.01,4.726422,69.74788,False
0.86,0.13,0.05,0.01,4.7803893,67.39577,False
0.86,0.13,0.055,0.01,4.7803893,67.39577,False
0.86,0.14,0.0,0.0,2.895716,65.435356,False
0.86,0.14,0.005,0.0,2.895716,65.435356,False
0.86,0.14,0.01,0.0,3.1495106,72.50311,False
0.86,0.14,0.015,0.0,3.1495106,72.50311,False
0.86,0.14,0.02,0.0,5.2359886,74.86603,False
0.86,0.14,0.025,0.0,5.2359886,74.86603,False
0.86,0.14,0.03,0.0,6.2186007,73.61481,False
0.86,0.14,0.035,0.0,6.2186007,73.61481,False
0.86,0.14,0.04,0.0,4.6765485,69.48332,False
0.86,0.14,0.045,0.0,4.6765485,69.48332,False
0.86,0.14,0.05,0.0,4.730516,67.13121,False
0.86,0.14,0.055,0.0,4.730516,67.13121,False
0.88,0.0,0.0,0.12,3.2681687,62.669308,False
0.88,0.0,0.005,0.12,3.2681687,62.669308,False
0.88,0.0,0.01,0.12,3.8860178,70.48843,False
0.88,0.0,0.015,0.12,3.8860178,70.48843,False
0.88,0.0,0.02,0.12,6.031673,71.8421,False
0.88,0.0,0.025,0.12,6.031673,71.8421,False
0.88,0.0,0.03,0.12,5.7940755,71.94359,False
0.88,0.0,0.035,0.12,5.7940755,71.94359,False
0.88,0.0,0.04,0.12,4.2500124,67.69157,False
0.88,0.0,0.045,0.12,4.2500124,67.69157,False
0.88,0.0,0.05,0.12,3.9397807,65.4413,False
0.88,0.0,0.055,0.12,3.9397807,65.4413,False
0.88,0.01,0.0,0.11,3.2681687,62.669308,False
0.88,0.01,0.005,0.11,3.2681687,62.669308,False
0.88,0.01,0.01,0.11,3.8860178,70.48843,False
0.88,0.01,0.015,0.11,3.8860178,70.48843,False
0.88,0.01,0.02,0.11,6.031673,71.8421,False
0.88,0.01,0.025,0.11,6.031673,71.8421,False
0.88,0.01,0.03,0.11,5.7940755,71.94359,False
0.88,0.01,0.035,0.11,5.7940755,71.94359,False
0.88,0.01,0.04,0.11,4.2500124,67.69157,False
0.88,0.01,0.045,0.11,4.2500124,67.69157,False
0.88,0.01,0.05,0.11,3.9397807,65.4413,False
0.88,0.01,0.055,0.11,3.9397807,65.4413,False
0.88,0.02,0.0,0.1,3.2681687,62.669308,False
0.88,0.02,0.005,0.1,3.2681687,62.669308,False
0.88,0.02,0.01,0.1,3.8860178,70.48843,False
0.88,0.02,0.015,0.1,3.8860178,70.48843,False
0.88,0.02,0.02,0.1,6.031673,71.8421,False
0.88,0.02,0.025,0.1,6.031673,71.8421,False
0.88,0.02,0.03,0.1,5.7940755,71.94359,False
0.88,0.02,0.035,0.1,5.7940755,71.94359,False
0.88,0.02,0.04,0.1,4.2500124,67.69157,False
0.88,0.02,0.045,0.1,4.2500124,67.69157,False
0.88,0.02,0.05,0.1,3.9397807,65.4413,False
0.88,0.02,0.055,0.1,3.9397807,65.4413,False
0.88,0.03,0.0,0.09,2.8794348,56.718716,False
0.88,0.03,0.005,0.09,2.8794348,56.718716,False
0.88,0.03,0.01,0.09,2.8889396,66.88607,False
0.88,0.03,0.015,0.09,2.8889396,66.88607,False
0.88,0.03,0.02,0.09,4.233405,68.40452,False
0.88,0.03,0.025,0.09,4.233405,68.40452,False
0.88,0.03,0.03,0.09,4.898999,68.59088,False
0.88,0.03,0.035,0.09,4.898999,68.59088,False
0.88,0.03,0.04,0.09,3.3641562,63.520245,False
0.88,0.03,0.045,0.09,3.3641562,63.520245,False
0.88,0.03,0.05,0.09,3.0471091,60.583378,False
0.88,0.03,0.055,0.09,3.0471091,60.583378,False
0.88,0.04,0.0,0.08,2.8794348,56.718716,False
0.88,0.04,0.005,0.08,2.8794348,56.718716,False
0.88,0.04,0.01,0.08,2.8889396,66.88607,False
0.88,0.04,0.015,0.08,2.8889396,66.88607,False
0.88,0.04,0.02,0.08,4.233405,68.40452,False
0.88,0.04,0.025,0.08,4.233405,68.40452,False
0.88,0.04,0.03,0.08,4.898999,68.59088,False
0.88,0.04,0.035,0.08,4.898999,68.59088,False
0.88,0.04,0.04,0.08,3.3641562,63.520245,False
0.88,0.04,0.045,0.08,3.3641562,63.520245,False
0.88,0.04,0.05,0.08,3.0471091,60.583378,False
0.88,0.04,0.055,0.08,3.0471091,60.583378,False
0.88,0.05,0.0,0.07,2.353633,55.431995,False
0.88,0.05,0.005,0.07,2.353633,55.431995,False
0.88,0.05,0.01,0.07,2.3601897,65.72351,False
0.88,0.05,0.015,0.07,2.3601897,65.72351,False
0.88,0.05,0.02,0.07,3.5259445,67.401344,False
0.88,0.05,0.025,0.07,3.5259445,67.401344,False
0.88,0.05,0.03,0.07,4.4282074,67.58771,False
0.88,0.05,0.035,0.07,4.4282074,67.58771,False
0.88,0.05,0.04,0.07,3.025622,62.40053,False
0.88,0.05,0.045,0.07,3.025622,62.40053,False
0.88,0.05,0.05,0.07,2.747168,59.44095,False
0.88,0.05,0.055,0.07,2.747168,59.44095,False
0.88,0.06,0.0,0.06,2.265582,59.607624,False
0.88,0.06,0.005,0.06,2.265582,59.607624,False
0.88,0.06,0.01,0.06,2.2689295,69.057846,False
0.88,0.06,0.015,0.06,2.2689295,69.057846,False
0.88,0.06,0.02,0.06,3.3098788,70.52967,False
0.88,0.06,0.025,0.06,3.3098788,70.52967,False
0.88,0.06,0.03,0.06,4.3043375,70.716034,False
0.88,0.06,0.035,0.06,4.3043375,70.716034,False
0.88,0.06,0.04,0.06,2.901752,65.920265,False
0.88,0.06,0.045,0.06,2.901752,65.920265,False
0.88,0.06,0.05,0.06,2.6232982,63.04835,False
0.88,0.06,0.055,0.06,2.6232982,63.04835,False
0.88,0.07,0.0,0.05,2.2057343,59.609158,False
0.88,0.07,0.005,0.05,2.2057343,59.609158,False
0.88,0.07,0.01,0.05,2.372237,69.181885,False
0.88,0.07,0.015,0.05,2.372237,69.181885,False
0.88,0.07,0.02,0.05,3.7543595,70.931076,False
0.88,0.07,0.025,0.05,3.7543595,70.931076,False
0.88,0.07,0.03,0.05,4.5791354,70.872574,False
0.88,0.07,0.035,0.05,4.5791354,70.872574,False
0.88,0.07,0.04,0.05,2.8821564,65.98621,False
0.88,0.07,0.045,0.05,2.8821564,65.98621,False
0.88,0.07,0.05,0.05,2.5918446,63.11431,False
0.88,0.07,0.055,0.05,2.5918446,63.11431,False
0.88,0.08,0.0,0.04,2.82768,66.274765,False
0.88,0.08,0.005,0.04,2.82768,66.274765,False
0.88,0.08,0.01,0.04,2.967276,73.22739,False
0.88,0.08,0.015,0.04,2.967276,73.22739,False
0.88,0.08,0.02,0.04,4.3493996,75.445656,False
0.88,0.08,0.025,0.04,4.3493996,75.445656,False
0.88,0.08,0.03,0.04,5.1162233,75.387146,False
0.88,0.08,0.035,0.04,5.1162233,75.387146,False
0.88,0.08,0.04,0.04,3.3855598,69.712425,False
0.88,0.08,0.045,0.04,3.3855598,69.712425,False
0.88,0.08,0.05,0.04,3.0952475,66.372765,False
0.88,0.08,0.055,0.04,3.0952475,66.372765,False
0.88,0.09,0.0,0.03,2.82768,66.274765,False
0.88,0.09,0.005,0.03,2.82768,66.274765,False
0.88,0.09,0.01,0.03,2.967276,73.22739,False
0.88,0.09,0.015,0.03,2.967276,73.22739,False
0.88,0.09,0.02,0.03,4.3493996,75.445656,False
0.88,0.09,0.025,0.03,4.3493996,75.445656,False
0.88,0.09,0.03,0.03,5.1162233,75.387146,False
0.88,0.09,0.035,0.03,5.1162233,75.387146,False
0.88,0.09,0.04,0.03,3.3855598,69.712425,False
0.88,0.09,0.045,0.03,3.3855598,69.712425,False
0.88,0.09,0.05,0.03,3.0952475,66.372765,False
0.88,0.09,0.055,0.03,3.0952475,66.372765,False
0.88,0.1,0.0,0.02,3.2349288,66.00563,False
0.88,0.1,0.005,0.02,3.2349288,66.00563,False
0.88,0.1,0.01,0.02,3.381578,72.823166,False
0.88,0.1,0.015,0.02,3.381578,72.823166,False
0.88,0.1,0.02,0.02,5.537502,75.11958,False
0.88,0.1,0.025,0.02,5.537502,75.11958,False
0.88,0.1,0.03,0.02,6.155409,73.82573,False
0.88,0.1,0.035,0.02,6.155409,73.82573,False
0.88,0.1,0.04,0.02,4.269687,69.331696,False
0.88,0.1,0.045,0.02,4.269687,69.331696,False
0.88,0.1,0.05,0.02,3.9705958,65.978004,False
0.88,0.1,0.055,0.02,3.9705958,65.978004,False
0.88,0.11,0.0,0.01,3.2349288,66.00563,False
0.88,0.11,0.005,0.01,3.2349288,66.00563,False
0.88,0.11,0.01,0.01,3.381578,72.823166,False
0.88,0.11,0.015,0.01,3.381578,72.823166,False
0.88,0.11,0.02,0.01,5.537502,75.11958,False
0.88,0.11,0.025,0.01,5.537502,75.11958,False
0.88,0.11,0.03,0.01,6.155409,73.82573,False
0.88,0.11,0.035,0.01,6.155409,73.82573,False
0.88,0.11,0.04,0.01,4.269687,69.331696,False
0.88,0.11,0.045,0.01,4.269687,69.331696,False
0.88,0.11,0.05,0.01,3.9705958,65.978004,False
0.88,0.11,0.055,0.01,3.9705958,65.978004,False
0.88,0.12,0.0,0.0,3.2349288,66.00563,False
0.88,0.12,0.005,0.0,3.2349288,66.00563,False
0.88,0.12,0.01,0.0,3.381578,72.823166,False
0.88,0.12,0.015,0.0,3.381578,72.823166,False
0.88,0.12,0.02,0.0,5.537502,75.11958,False
0.88,0.12,0.025,0.0,5.537502,75.11958,False
0.88,0.12,0.03,0.0,6.155409,73.82573,False
0.88,0.12,0.035,0.0,6.155409,73.82573,False
0.88,0.12,0.04,0.0,4.269687,69.331696,False
0.88,0.12,0.045,0.0,4.269687,69.331696,False
0.88,0.12,0.05,0.0,3.9705958,65.978004,False
0.88,0.12,0.055,0.0,3.9705958,65.978004,False
0.9,0.0,0.0,0.1,3.2311246,72.960724,False
0.9,0.0,0.005,0.1,3.2311246,72.960724,False
0.9,0.0,0.01,0.1,3.8442633,78.70226,False
0.9,0.0,0.015,0.1,3.8442633,78.70226,False
0.9,0.0,0.02,0.1,5.6857643,79.2146,False
0.9,0.0,0.025,0.1,5.6857643,79.2146,False
0.9,0.0,0.03,0.1,5.448167,79.31607,False
0.9,0.0,0.035,0.1,5.448167,79.31607,False
0.9,0.0,0.04,0.1,4.16178,76.73606,False
0.9,0.0,0.045,0.1,4.16178,76.73606,False
0.9,0.0,0.05,0.1,3.851549,75.090454,False
0.9,0.0,0.055,0.1,3.851549,75.090454,False
0.9,0.01,0.0,0.09,2.6812098,73.2128,False
0.9,0.01,0.005,0.09,2.6812098,73.2128,False
0.9,0.01,0.01,0.09,2.7403955,79.02436,False
0.9,0.01,0.015,0.09,2.7403955,79.02436,False
0.9,0.01,0.02,0.09,3.8464751,79.51282,False
0.9,0.01,0.025,0.09,3.8464751,79.51282,False
0.9,0.01,0.03,0.09,4.512071,79.653076,False
0.9,0.01,0.035,0.09,4.512071,79.653076,False
0.9,0.01,0.04,0.09,3.2349048,77.07305,False
0.9,0.01,0.045,0.09,3.2349048,77.07305,False
0.9,0.01,0.05,0.09,2.9178581,75.45357,False
0.9,0.01,0.055,0.09,2.9178581,75.45357,False
0.9,0.0125,0.0,0.0875,2.6812098,73.2128,False
0.9,0.0125,0.005,0.0875,2.6812098,73.2128,False
0.9,0.0125,0.01,0.0875,2.7403955,79.02436,False
0.9,0.0125,0.015,0.0875,2.7403955,79.02436,False
0.9,0.0125,0.02,0.0875,3.8464751,79.51282,False
0.9,0.0125,0.025,0.0875,3.8464751,79.51282,False
0.9,0.0125,0.03,0.0875,4.512071,79.653076,False
0.9,0.0125,0.035,0.0875,4.512071,79.653076,False
0.9,0.0125,0.04,0.0875,3.2349048,77.07305,False
0.9,0.0125,0.045,0.0875,3.2349048,77.07305,False
0.9,0.0125,0.05,0.0875,2.9178581,75.45357,False
0.9,0.0125,0.055,0.0875,2.9178581,75.45357,False
0.9,0.02,0.0,0.08,2.6812098,73.2128,False
0.9,0.02,0.005,0.08,2.6812098,73.2128,False
0.9,0.02,0.01,0.08,2.7403955,79.02436,False
0.9,0.02,0.015,0.08,2.7403955,79.02436,False
0.9,0.02,0.02,0.08,3.8464751,79.51282,False
0.9,0.02,0.025,0.08,3.8464751,79.51282,False
0.9,0.02,0.03,0.08,4.512071,79.653076,False
0.9,0.02,0.035,0.08,4.512071,79.653076,False
0.9,0.02,0.04,0.08,3.2349048,77.07305,False
0.9,0.02,0.045,0.08,3.2349048,77.07305,False
0.9,0.02,0.05,0.08,2.9178581,75.45357,False
0.9,0.02,0.055,0.08,2.9178581,75.45357,False
0.9,0.025,0.0,0.075,2.8423908,67.01006,False
0.9,0.025,0.005,0.075,2.8423908,67.01006,False
0.9,0.025,0.01,0.075,2.8471851,75.09992,False
0.9,0.025,0.015,0.075,2.8471851,75.09992,False
0.9,0.025,0.02,0.075,3.8874936,75.777,False
0.9,0.025,0.025,0.075,3.8874936,75.777,False
0.9,0.025,0.03,0.075,4.55309,75.96336,False
0.9,0.025,0.035,0.075,4.55309,75.96336,False
0.9,0.025,0.04,0.075,3.2759233,72.564766,False
0.9,0.025,0.045,0.075,3.2759233,72.564766,False
0.9,0.025,0.05,0.075,2.9588766,70.232475,False
0.9,0.025,0.055,0.075,2.9588766,70.232475,False
0.9,0.03,0.0,0.07,2.423576,67.01006,False
0.9,0.03,0.005,0.07,2.423576,67.01006,False
0.9,0.03,0.01,0.07,2.49303,75.09992,False
0.9,0.03,0.015,0.07,2.49303,75.09992,False
0.9,0.03,0.02,0.07,3.375506,75.777,False
0.9,0.03,0.025,0.07,3.375506,75.777,False
0.9,0.03,0.03,0.07,4.2332926,75.96336,False
0.9,0.03,0.035,0.07,4.2332926,75.96336,False
0.9,0.03,0.04,0.07,3.0637155,72.564766,False
0.9,0.03,0.045,0.07,3.0637155,72.564766,False
0.9,0.03,0.05,0.07,2.7466688,70.232475,False
0.9,0.03,0.055,0.07,2.7466688,70.232475,False
0.9,0.0375,0.0,0.0625,2.3355253,71.18563,False
0.9,0.0375,0.005,0.0625,2.3355253,71.18563,False
0.9,0.0375,0.01,0.0625,2.40177,78.43427,False
0.9,0.0375,0.015,0.0625,2.40177,78.43427,False
0.9,0.0375,0.02,0.0625,3.15944,78.90534,False
0.9,0.0375,0.025,0.0625,3.15944,78.90534,False
0.9,0.0375,0.03,0.0625,4.1094227,79.091705,False
0.9,0.0375,0.035,0.0625,4.1094227,79.091705,False
0.9,0.0375,0.04,0.0625,2.9398456,76.08445,False
0.9,0.0375,0.045,0.0625,2.9398456,76.08445,False
0.9,0.0375,0.05,0.0625,2.622799,73.8399,False
0.9,0.0375,0.055,0.0625,2.622799,73.8399,False
0.9,0.04,0.0,0.06,2.3355253,71.18563,False
0.9,0.04,0.005,0.06,2.3355253,71.18563,False
0.9,0.04,0.01,0.06,2.40177,78.43427,False
0.9,0.04,0.015,0.06,2.40177,78.43427,False
0.9,0.04,0.02,0.06,3.15944,78.90534,False
0.9,0.04,0.025,0.06,3.15944,78.90534,False
0.9,0.04,0.03,0.06,4.1094227,79.091705,False
0.9,0.04,0.035,0.06,4.1094227,79.091705,False
0.9,0.04,0.04,0.06,2.9398456,76.08445,False
0.9,0.04,0.045,0.06,2.9398456,76.08445,False
0.9,0.04,0.05,0.06,2.622799,73.8399,False
0.9,0.04,0.055,0.06,2.622799,73.8399,False
0.9,0.05,0.0,0.05,2.228538,69.91265,False
0.9,0.05,0.005,0.05,2.228538,69.91265,False
0.9,0.05,0.01,0.05,2.2271748,77.27168,False
0.9,0.05,0.015,0.05,2.2271748,77.27168,False
0.9,0.05,0.02,0.05,2.963969,77.90218,False
0.9,0.05,0.025,0.05,2.963969,77.90218,False
0.9,0.05,0.03,0.05,3.9584274,78.08855,False
0.9,0.05,0.035,0.05,3.9584274,78.08855,False
0.9,0.05,0.04,0.05,2.813519,74.964775,False
0.9,0.05,0.045,0.05,2.813519,74.964775,False
0.9,0.05,0.05,0.05,2.5350652,72.69749,False
0.9,0.05,0.055,0.05,2.5350652,72.69749,False
0.9,0.06,0.0,0.04,2.3201745,69.91265,False
0.9,0.06,0.005,0.04,2.3201745,69.91265,False
0.9,0.06,0.01,0.04,2.3188112,77.27168,False
0.9,0.06,0.015,0.04,2.3188112,77.27168,False
0.9,0.06,0.02,0.04,3.0556054,77.90218,False
0.9,0.06,0.025,0.04,3.0556054,77.90218,False
0.9,0.06,0.03,0.04,3.9921124,78.08855,False
0.9,0.06,0.035,0.04,3.9921124,78.08855,False
0.9,0.06,0.04,0.04,2.813519,74.964775,False
0.9,0.06,0.045,0.04,2.813519,74.964775,False
0.9,0.06,0.05,0.04,2.5350652,72.69749,False
0.9,0.06,0.055,0.04,2.5350652,72.69749,False
0.9,0.0625,0.0,0.0375,2.3201745,69.91265,False
0.9,0.0625,0.005,0.0375,2.3201745,69.91265,False
0.9,0.0625,0.01,0.0375,2.3188112,77.27168,False
0.9,0.0625,0.015,0.0375,2.3188112,77.27168,False
0.9,0.0625,0.02,0.0375,3.0556054,77.90218,False
0.9,0.0625,0.025,0.0375,3.0556054,77.90218,False
0.9,0.0625,0.03,0.0375,3.9921124,78.08855,False
0.9,0.0625,0.035,0.0375,3.9921124,78.08855,False
0.9,0.0625,0.04,0.0375,2.813519,74.964775,False
0.9,0.0625,0.045,0.0375,2.813519,74.964775,False
0.9,0.0625,0.05,0.0375,2.5350652,72.69749,False
0.9,0.0625,0.055,0.0375,2.5350652,72.69749,False
0.9,0.07,0.0,0.03,2.2603266,69.73316,False
0.9,0.07,0.005,0.03,2.2603266,69.73316,False
0.9,0.07,0.01,0.03,2.4221184,77.24841,False
0.9,0.07,0.015,0.03,2.4221184,77.24841,False
0.9,0.07,0.02,0.03,3.5000863,78.156265,False
0.9,0.07,0.025,0.03,3.5000863,78.156265,False
0.9,0.07,0.03,0.03,4.266911,78.09776,False
0.9,0.07,0.035,0.03,4.266911,78.09776,False
0.9,0.07,0.04,0.03,2.7939234,74.88343,False
0.9,0.07,0.045,0.03,2.7939234,74.88343,False
0.9,0.07,0.05,0.03,2.5036116,72.61614,False
0.9,0.07,0.055,0.03,2.5036116,72.61614,False
0.9,0.075,0.0,0.025,2.790636,72.91631,False
0.9,0.075,0.005,0.025,2.790636,72.91631,False
0.9,0.075,0.01,0.025,2.9255211,77.772766,False
0.9,0.075,0.015,0.025,2.9255211,77.772766,False
0.9,0.075,0.02,0.025,4.003489,78.79082,False
0.9,0.075,0.025,0.025,4.003489,78.79082,False
0.9,0.075,0.03,0.025,4.7703147,78.732315,False
0.9,0.075,0.035,0.025,4.7703147,78.732315,False
0.9,0.075,0.04,0.025,3.2973268,75.32307,False
0.9,0.075,0.045,0.025,3.2973268,75.32307,False
0.9,0.075,0.05,0.025,3.007015,72.99648,False
0.9,0.075,0.055,0.025,3.007015,72.99648,False
0.9,0.08,0.0,0.02,2.7804952,72.91631,False
0.9,0.08,0.005,0.02,2.7804952,72.91631,False
0.9,0.08,0.01,0.02,2.909587,77.772766,False
0.9,0.08,0.015,0.02,2.909587,77.772766,False
0.9,0.08,0.02,0.02,4.003489,78.79082,False
0.9,0.08,0.025,0.02,4.003489,78.79082,False
0.9,0.08,0.03,0.02,4.7703147,78.732315,False
0.9,0.08,0.035,0.02,4.7703147,78.732315,False
0.9,0.08,0.04,0.02,3.2973268,75.32307,False
0.9,0.08,0.045,0.02,3.2973268,75.32307,False
0.9,0.08,0.05,0.02,3.007015,72.99648,False
0.9,0.08,0.055,0.02,3.007015,72.99648,False
0.9,0.0875,0.0,0.0125,2.7804952,72.91631,False
0.9,0.0875,0.005,0.0125,2.7804952,72.91631,False
0.9,0.0875,0.01,0.0125,2.909587,77.772766,False
0.9,0.0875,0.015,0.0125,2.909587,77.772766,False
0.9,0.0875,0.02,0.0125,4.003489,78.79082,False
0.9,0.0875,0.025,0.0125,4.003489,78.79082,False
0.9,0.0875,0.03,0.0125,4.7703147,78.732315,False
0.9,0.0875,0.035,0.0125,4.7703147,78.732315,False
0.9,0.0875,0.04,0.0125,3.2973268,75.32307,False
0.9,0.0875,0.045,0.0125,3.2973268,75.32307,False
0.9,0.0875,0.05,0.0125,3.007015,72.99648,False
0.9,0.0875,0.055,0.0125,3.007015,72.99648,False
0.9,0.09,0.0,0.01,2.7804952,72.91631,False
0.9,0.09,0.005,0.01,2.7804952,72.91631,False
0.9,0.09,0.01,0.01,2.909587,77.772766,False
0.9,0.09,0.015,0.01,2.909587,77.772766,False
0.9,0.09,0.02,0.01,4.003489,78.79082,False
0.9,0.09,0.025,0.01,4.003489,78.79082,False
0.9,0.09,0.03,0.01,4.7703147,78.732315,False
0.9,0.09,0.035,0.01,4.7703147,78.732315,False
0.9,0.09,0.04,0.01,3.2973268,75.32307,False
0.9,0.09,0.045,0.01,3.2973268,75.32307,False
0.9,0.09,0.05,0.01,3.007015,72.99648,False
0.9,0.09,0.055,0.01,3.007015,72.99648,False
0.9,0.1,0.0,0.0,3.2111676,72.64718,False
0.9,0.1,0.005,0.0,3.2111676,72.64718,False
0.9,0.1,0.01,0.0,3.3531058,77.368546,False
0.9,0.1,0.015,0.0,3.3531058,77.368546,False
0.9,0.1,0.02,0.0,5.2048764,78.464745,False
0.9,0.1,0.025,0.0,5.2048764,78.464745,False
0.9,0.1,0.03,0.0,5.822783,77.17091,False
0.9,0.1,0.035,0.0,5.822783,77.17091,False
0.9,0.1,0.04,0.0,4.194738,74.94232,False
0.9,0.1,0.045,0.0,4.194738,74.94232,False
0.9,0.1,0.05,0.0,3.8956447,72.60172,False
0.9,0.1,0.055,0.0,3.8956447,72.60172,False
0.9199999999999999,0.0,0.0,0.08,2.6812098,73.2128,False
0.9199999999999999,0.0,0.005,0.08,2.6812098,73.2128,False
0.9199999999999999,0.0,0.01,0.08,2.7403955,79.02436,False
0.9199999999999999,0.0,0.015,0.08,2.7403955,79.02436,False
0.9199999999999999,0.0,0.02,0.08,3.8464751,79.51282,False
0.9199999999999999,0.0,0.025,0.08,3.8464751,79.51282,False
0.9199999999999999,0.0,0.03,0.08,4.512071,79.653076,False
0.9199999999999999,0.0,0.035,0.08,4.512071,79.653076,False
0.9199999999999999,0.0,0.04,0.08,3.2349048,77.07305,False
0.9199999999999999,0.0,0.045,0.08,3.2349048,77.07305,False
0.9199999999999999,0.0,0.05,0.08,2.9178581,75.45357,False
0.9199999999999999,0.0,0.055,0.08,2.9178581,75.45357,False
0.9199999999999999,0.01,0.0,0.07,2.2623951,73.2128,False
0.9199999999999999,0.01,0.005,0.07,2.2623951,73.2128,False
0.9199999999999999,0.01,0.01,0.07,2.386241,79.02436,False
0.9199999999999999,0.01,0.015,0.07,2.386241,79.02436,False
0.9199999999999999,0.01,0.02,0.07,3.3344874,79.51282,False
0.9199999999999999,0.01,0.025,0.07,3.3344874,79.51282,False
0.9199999999999999,0.01,0.03,0.07,4.192273,79.653076,False
0.9199999999999999,0.01,0.035,0.07,4.192273,79.653076,False
0.9199999999999999,0.01,0.04,0.07,3.022697,77.07305,False
0.9199999999999999,0.01,0.045,0.07,3.022697,77.07305,False
0.9199999999999999,0.01,0.05,0.07,2.7056503,75.45357,False
0.9199999999999999,0.01,0.055,0.07,2.7056503,75.45357,False
0.9199999999999999,0.02,0.0,0.06,2.1743438,79.46623,False
0.9199999999999999,0.02,0.005,0.06,2.1743438,79.46623,False
0.9199999999999999,0.02,0.01,0.06,2.2949805,84.43656,False
0.9199999999999999,0.02,0.015,0.06,2.2949805,84.43656,False
0.9199999999999999,0.02,0.02,0.06,3.1184216,84.71901,False
0.9199999999999999,0.02,0.025,0.06,3.1184216,84.71901,False
0.9199999999999999,0.02,0.03,0.06,4.0684032,84.85925,False
0.9199999999999999,0.02,0.035,0.06,4.0684032,84.85925,False
0.9199999999999999,0.02,0.04,0.06,2.898827,82.6706,False
0.9199999999999999,0.02,0.045,0.06,2.898827,82.6706,False
0.9199999999999999,0.02,0.05,0.06,2.5817804,81.13884,False
0.9199999999999999,0.02,0.055,0.06,2.5817804,81.13884,False
0.9199999999999999,0.03,0.0,0.05,2.3355253,71.18563,False
0.9199999999999999,0.03,0.005,0.05,2.3355253,71.18563,False
0.9199999999999999,0.03,0.01,0.05,2.40177,78.43427,False
0.9199999999999999,0.03,0.015,0.05,2.40177,78.43427,False
0.9199999999999999,0.03,0.02,0.05,3.15944,78.90534,False
0.9199999999999999,0.03,0.025,0.05,3.15944,78.90534,False
0.9199999999999999,0.03,0.03,0.05,4.1094227,79.091705,False
0.9199999999999999,0.03,0.035,0.05,4.1094227,79.091705,False
0.9199999999999999,0.03,0.04,0.05,2.9398456,76.08445,False
0.9199999999999999,0.03,0.045,0.05,2.9398456,76.08445,False
0.9199999999999999,0.03,0.05,0.05,2.622799,73.8399,False
0.9199999999999999,0.03,0.055,0.05,2.622799,73.8399,False
0.9199999999999999,0.04,0.0,0.04,2.4271617,71.18563,False
0.9199999999999999,0.04,0.005,0.04,2.4271617,71.18563,False
0.9199999999999999,0.04,0.01,0.04,2.4934065,78.43427,False
0.9199999999999999,0.04,0.015,0.04,2.4934065,78.43427,False
0.9199999999999999,0.04,0.02,0.04,3.2510765,78.90534,False
0.9199999999999999,0.04,0.025,0.04,3.2510765,78.90534,False
0.9199999999999999,0.04,0.03,0.04,4.1431074,79.091705,False
0.9199999999999999,0.04,0.035,0.04,4.1431074,79.091705,False
0.9199999999999999,0.04,0.04,0.04,2.9398456,76.08445,False
0.9199999999999999,0.04,0.045,0.04,2.9398456,76.08445,False
0.9199999999999999,0.04,0.05,0.04,2.622799,73.8399,False
0.9199999999999999,0.04,0.055,0.04,2.622799,73.8399,False
0.9199999999999999,0.05,0.0,0.03,2.3201745,69.91265,False
0.9199999999999999,0.05,0.005,0.03,2.3201745,69.91265,False
0.9199999999999999,0.05,0.01,0.03,2.3188112,77.27168,False
0.9199999999999999,0.05,0.015,0.03,2.3188112,77.27168,False
0.9199999999999999,0.05,0.02,0.03,3.0556054,77.90218,False
0.9199999999999999,0.05,0.025,0.03,3.0556054,77.90218,False
0.9199999999999999,0.05,0.03,0.03,3.9921124,78.08855,False
0.9199999999999999,0.05,0.035,0.03,3.9921124,78.08855,False
0.9199999999999999,0.05,0.04,0.03,2.813519,74.964775,False
0.9199999999999999,0.05,0.045,0.03,2.813519,74.964775,False
0.9199999999999999,0.05,0.05,0.03,2.5350652,72.69749,False
0.9199999999999999,0.05,0.055,0.03,2.5350652,72.69749,False
0.9199999999999999,0.06,0.0,0.02,2.3100336,69.91265,False
0.9199999999999999,0.06,0.005,0.02,2.3100336,69.91265,False
0.9199999999999999,0.06,0.01,0.02,2.302877,77.27168,False
0.9199999999999999,0.06,0.015,0.02,2.302877,77.27168,False
0.9199999999999999,0.06,0.02,0.02,3.0556054,77.90218,False
0.9199999999999999,0.06,0.025,0.02,3.0556054,77.90218,False
0.9199999999999999,0.06,0.03,0.02,3.9921124,78.08855,False
0.9199999999999999,0.06,0.035,0.02,3.9921124,78.08855,False
0.9199999999999999,0.06,0.04,0.02,2.813519,74.964775,False
0.9199999999999999,0.06,0.045,0.02,2.813519,74.964775,False
0.9199999999999999,0.06,0.05,0.02,2.5350652,72.69749,False
0.9199999999999999,0.06,0.055,0.02,2.5350652,72.69749,False
0.9199999999999999,0.07,0.0,0.01,2.2501857,69.73316,False
0.9199999999999999,0.07,0.005,0.01,2.2501857,69.73316,False
0.9199999999999999,0.07,0.01,0.01,2.4061842,77.24841,False
0.9199999999999999,0.07,0.015,0.01,2.4061842,77.24841,False
0.9199999999999999,0.07,0.02,0.01,3.5000863,78.156265,False
0.9199999999999999,0.07,0.025,0.01,3.5000863,78.156265,False
0.9199999999999999,0.07,0.03,0.01,4.266911,78.09776,False
0.9199999999999999,0.07,0.035,0.01,4.266911,78.09776,False
0.9199999999999999,0.07,0.04,0.01,2.7939234,74.88343,False
0.9199999999999999,0.07,0.045,0.01,2.7939234,74.88343,False
0.9199999999999999,0.07,0.05,0.01,2.5036116,72.61614,False
0.9199999999999999,0.07,0.055,0.01,2.5036116,72.61614,False
0.9199999999999999,0.08,0.0,0.0,2.7804952,72.91631,False
0.9199999999999999,0.08,0.005,0.0,2.7804952,72.91631,False
0.9199999999999999,0.08,0.01,0.0,2.909587,77.772766,False
0.9199999999999999,0.08,0.015,0.0,2.909587,77.772766,False
0.9199999999999999,0.08,0.02,0.0,4.003489,78.79082,False
0.9199999999999999,0.08,0.025,0.0,4.003489,78.79082,False
0.9199999999999999,0.08,0.03,0.0,4.7703147,78.732315,False
0.9199999999999999,0.08,0.035,0.0,4.7703147,78.732315,False
0.9199999999999999,0.08,0.04,0.0,3.2973268,75.32307,False
0.9199999999999999,0.08,0.045,0.0,3.2973268,75.32307,False
0.9199999999999999,0.08,0.05,0.0,3.007015,72.99648,False
0.9199999999999999,0.08,0.055,0.0,3.007015,72.99648,False
0.94,0.0,0.0,0.06,2.1743438,79.46623,False
0.94,0.0,0.005,0.06,2.1743438,79.46623,False
0.94,0.0,0.01,0.06,2.2949805,84.43656,False
0.94,0.0,0.015,0.06,2.2949805,84.43656,False
0.94,0.0,0.02,0.06,3.1184216,84.71901,False
0.94,0.0,0.025,0.06,3.1184216,84.71901,False
0.94,0.0,0.03,0.06,4.0684032,84.85925,False
0.94,0.0,0.035,0.06,4.0684032,84.85925,False
0.94,0.0,0.04,0.06,2.898827,82.6706,False
0.94,0.0,0.045,0.06,2.898827,82.6706,False
0.94,0.0,0.05,0.06,2.5817804,81.13884,False
0.94,0.0,0.055,0.06,2.5817804,81.13884,False
0.94,0.01,0.0,0.05,2.1743438,79.46623,False
0.94,0.01,0.005,0.05,2.1743438,79.46623,False
0.94,0.01,0.01,0.05,2.2949805,84.43656,False
0.94,0.01,0.015,0.05,2.2949805,84.43656,False
0.94,0.01,0.02,0.05,3.1184216,84.71901,False
0.94,0.01,0.025,0.05,3.1184216,84.71901,False
0.94,0.01,0.03,0.05,4.0684032,84.85925,False
0.94,0.01,0.035,0.05,4.0684032,84.85925,False
0.94,0.01,0.04,0.05,2.898827,82.6706,False
0.94,0.01,0.045,0.05,2.898827,82.6706,False
0.94,0.01,0.05,0.05,2.5817804,81.13884,False
0.94,0.01,0.055,0.05,2.5817804,81.13884,False
0.94,0.02,0.0,0.04,2.2659807,79.46623,False
0.94,0.02,0.005,0.04,2.2659807,79.46623,False
0.94,0.02,0.01,0.04,2.386617,84.43656,False
0.94,0.02,0.015,0.04,2.386617,84.43656,False
0.94,0.02,0.02,0.04,3.210058,84.71901,False
0.94,0.02,0.025,0.04,3.210058,84.71901,False
0.94,0.02,0.03,0.04,4.102088,84.85925,False
0.94,0.02,0.035,0.04,4.102088,84.85925,False
0.94,0.02,0.04,0.04,2.898827,82.6706,False
0.94,0.02,0.045,0.04,2.898827,82.6706,False
0.94,0.02,0.05,0.04,2.5817804,81.13884,False
0.94,0.02,0.055,0.04,2.5817804,81.13884,False
0.94,0.03,0.0,0.03,2.4271617,71.18563,False
0.94,0.03,0.005,0.03,2.4271617,71.18563,False
0.94,0.03,0.01,0.03,2.4934065,78.43427,False
0.94,0.03,0.015,0.03,2.4934065,78.43427,False
0.94,0.03,0.02,0.03,3.2510765,78.90534,False
0.94,0.03,0.025,0.03,3.2510765,78.90534,False
0.94,0.03,0.03,0.03,4.1431074,79.091705,False
0.94,0.03,0.035,0.03,4.1431074,79.091705,False
0.94,0.03,0.04,0.03,2.9398456,76.08445,False
0.94,0.03,0.045,0.03,2.9398456,76.08445,False
0.94,0.03,0.05,0.03,2.622799,73.8399,False
0.94,0.03,0.055,0.03,2.622799,73.8399,False
0.94,0.04,0.0,0.02,2.4170203,71.18563,False
0.94,0.04,0.005,0.02,2.4170203,71.18563,False
0.94,0.04,0.01,0.02,2.4774718,78.43427,False
0.94,0.04,0.015,0.02,2.4774718,78.43427,False
0.94,0.04,0.02,0.02,3.2510765,78.90534,False
0.94,0.04,0.025,0.02,3.2510765,78.90534,False
0.94,0.04,0.03,0.02,4.1431074,79.091705,False
0.94,0.04,0.035,0.02,4.1431074,79.091705,False
0.94,0.04,0.04,0.02,2.9398456,76.08445,False
0.94,0.04,0.045,0.02,2.9398456,76.08445,False
0.94,0.04,0.05,0.02,2.622799,73.8399,False
0.94,0.04,0.055,0.02,2.622799,73.8399,False
0.94,0.05,0.0,0.01,2.3100336,69.91265,False
0.94,0.05,0.005,0.01,2.3100336,69.91265,False
0.94,0.05,0.01,0.01,2.302877,77.27168,False
0.94,0.05,0.015,0.01,2.302877,77.27168,False
0.94,0.05,0.02,0.01,3.0556054,77.90218,False
0.94,0.05,0.025,0.01,3.0556054,77.90218,False
0.94,0.05,0.03,0.01,3.9921124,78.08855,False
0.94,0.05,0.035,0.01,3.9921124,78.08855,False
0.94,0.05,0.04,0.01,2.813519,74.964775,False
0.94,0.05,0.045,0.01,2.813519,74.964775,False
0.94,0.05,0.05,0.01,2.5350652,72.69749,False
0.94,0.05,0.055,0.01,2.5350652,72.69749,False
0.94,0.06,0.0,0.0,2.3100336,69.91265,False
0.94,0.06,0.005,0.0,2.3100336,69.91265,False
0.94,0.06,0.01,0.0,2.302877,77.27168,False
0.94,0.06,0.015,0.0,2.302877,77.27168,False
0.94,0.06,0.02,0.0,3.0556054,77.90218,False
0.94,0.06,0.025,0.0,3.0556054,77.90218,False
0.94,0.06,0.03,0.0,3.9921124,78.08855,False
0.94,0.06,0.035,0.0,3.9921124,78.08855,False
0.94,0.06,0.04,0.0,2.813519,74.964775,False
0.94,0.06,0.045,0.0,2.813519,74.964775,False
0.94,0.06,0.05,0.0,2.5350652,72.69749,False
0.94,0.06,0.055,0.0,2.5350652,72.69749,False
0.96,0.0,0.0,0.04,2.3300078,80.831764,False
0.96,0.0,0.005,0.04,2.3300078,80.831764,False
0.96,0.0,0.01,0.04,2.4988635,85.599625,False
0.96,0.0,0.015,0.04,2.4988635,85.599625,False
0.96,0.0,0.02,0.04,3.3223045,85.75249,False
0.96,0.0,0.025,0.04,3.3223045,85.75249,False
0.96,0.0,0.03,0.04,4.214333,85.9035,False
0.96,0.0,0.035,0.04,4.214333,85.9035,False
0.96,0.0,0.04,0.04,2.969916,83.9065,False
0.96,0.0,0.045,0.04,2.969916,83.9065,False
0.96,0.0,0.05,0.04,2.6528695,82.49766,False
0.96,0.0,0.055,0.04,2.6528695,82.49766,False
0.96,0.01,0.0,0.03,2.3300078,80.831764,False
0.96,0.01,0.005,0.03,2.3300078,80.831764,False
0.96,0.01,0.01,0.03,2.4988635,85.599625,False
0.96,0.01,0.015,0.03,2.4988635,85.599625,False
0.96,0.01,0.02,0.03,3.3223045,85.75249,False
0.96,0.01,0.025,0.03,3.3223045,85.75249,False
0.96,0.01,0.03,0.03,4.214333,85.9035,False
0.96,0.01,0.035,0.03,4.214333,85.9035,False
0.96,0.01,0.04,0.03,2.969916,83.9065,False
0.96,0.01,0.045,0.03,2.969916,83.9065,False
0.96,0.01,0.05,0.03,2.6528695,82.49766,False
0.96,0.01,0.055,0.03,2.6528695,82.49766,False
0.96,0.02,0.0,0.02,2.3198664,80.831764,False
0.96,0.02,0.005,0.02,2.3198664,80.831764,False
0.96,0.02,0.01,0.02,2.482929,85.599625,False
0.96,0.02,0.015,0.02,2.482929,85.599625,False
0.96,0.02,0.02,0.02,3.3223045,85.75249,False
0.96,0.02,0.025,0.02,3.3223045,85.75249,False
0.96,0.02,0.03,0.02,4.214333,85.9035,False
0.96,0.02,0.035,0.02,4.214333,85.9035,False
0.96,0.02,0.04,0.02,2.969916,83.9065,False
0.96,0.02,0.045,0.02,2.969916,83.9065,False
0.96,0.02,0.05,0.02,2.6528695,82.49766,False
0.96,0.02,0.055,0.02,2.6528695,82.49766,False
0.96,0.03,0.0,0.01,2.4810479,72.55116,False
0.96,0.03,0.005,0.01,2.4810479,72.55116,False
0.96,0.03,0.01,0.01,2.5897183,79.597336,False
0.96,0.03,0.015,0.01,2.5897183,79.597336,False
0.96,0.03,0.02,0.01,3.363323,79.93882,False
0.96,0.03,0.025,0.01,3.363323,79.93882,False
0.96,0.03,0.03,0.01,4.2553525,80.135956,False
0.96,0.03,0.035,0.01,4.2553525,80.135956,False
0.96,0.03,0.04,0.01,3.0109346,77.32035,False
0.96,0.03,0.045,0.01,3.0109346,77.32035,False
0.96,0.03,0.05,0.01,2.693888,75.198715,False
0.96,0.03,0.055,0.01,2.693888,75.198715,False
0.96,0.04,0.0,0.0,2.4810479,72.55116,False
0.96,0.04,0.005,0.0,2.4810479,72.55116,False
0.96,0.04,0.01,0.0,2.5897183,79.597336,False
0.96,0.04,0.015,0.0,2.5897183,79.597336,False
0.96,0.04,0.02,0.0,3.363323,79.93882,False
0.96,0.04,0.025,0.0,3.363323,79.93882,False
0.96,0.04,0.03,0.0,4.2553525,80.135956,False
0.96,0.04,0.035,0.0,4.2553525,80.135956,False
0.96,0.04,0.04,0.0,3.0109346,77.32035,False
0.96,0.04,0.045,0.0,3.0109346,77.32035,False
0.96,0.04,0.05,0.0,2.693888,75.198715,False
0.96,0.04,0.055,0.0,2.693888,75.198715,False
0.98,0.0,0.0,0.02,2.3198664,80.831764,False
0.98,0.0,0.005,0.02,2.3198664,80.831764,False
0.98,0.0,0.01,0.02,2.482929,85.599625,False
0.98,0.0,0.015,0.02,2.482929,85.599625,False
0.98,0.0,0.02,0.02,3.3223045,85.75249,False
0.98,0.0,0.025,0.02,3.3223045,85.75249,False
0.98,0.0,0.03,0.02,4.214333,85.9035,False
0.98,0.0,0.035,0.02,4.214333,85.9035,False
0.98,0.0,0.04,0.02,2.969916,83.9065,False
0.98,0.0,0.045,0.02,2.969916,83.9065,False
0.98,0.0,0.05,0.02,2.6528695,82.49766,False
0.98,0.0,0.055,0.02,2.6528695,82.49766,False
0.98,0.01,0.0,0.01,2.3198664,80.831764,False
0.98,0.01,0.005,0.01,2.3198664,80.831764,False
0.98,0.01,0.01,0.01,2.482929,85.599625,False
0.98,0.01,0.015,0.01,2.482929,85.599625,False
0.98,0.01,0.02,0.01,3.3223045,85.75249,False
0.98,0.01,0.025,0.01,3.3223045,85.75249,False
0.98,0.01,0.03,0.01,4.214333,85.9035,False
0.98,0.01,0.035,0.01,4.214333,85.9035,False
0.98,0.01,0.04,0.01,2.969916,83.9065,False
0.98,0.01,0.045,0.01,2.969916,83.9065,False
0.98,0.01,0.05,0.01,2.6528695,82.49766,False
0.98,0.01,0.055,0.01,2.6528695,82.49766,False
0.98,0.02,0.0,0.0,2.3198664,80.831764,False
0.98,0.02,0.005,0.0,2.3198664,80.831764,False
0.98,0.02,0.01,0.0,2.482929,85.599625,False
0.98,0.02,0.015,0.0,2.482929,85.599625,False
0.98,0.02,0.02,0.0,3.3223045,85.75249,False
0.98,0.02,0.025,0.0,3.3223045,85.75249,False
0.98,0.02,0.03,0.0,4.214333,85.9035,False
0.98,0.02,0.035,0.0,4.214333,85.9035,False
0.98,0.02,0.04,0.0,2.969916,83.9065,False
0.98,0.02,0.045,0.0,2.969916,83.9065,False
0.98,0.02,0.05,0.0,2.6528695,82.49766,False
0.98,0.02,0.055,0.0,2.6528695,82.49766,False
1.0,0.0,0.0,0.0,2.2649682,97.52934,False
