PI-content,CF-content,Sizing agent-content,GP-content,TS_pred,TC_pred,Pareto_optimal
0.72,0.15,0.03,0.13,66.1543,13.803503,TRUE
0.72,0.15,0.035,0.13,66.1543,13.803503,TRUE
0.74,0.13,0.02,0.13,71.536934,13.34476,TRUE
0.74,0.13,0.025,0.13,71.536934,13.34476,TRUE
0.74,0.13,0.03,0.13,67.1925,13.796109,TRUE
0.74,0.13,0.035,0.13,67.1925,13.796109,TRUE
0.76,0.11,0.02,0.13,71.50727,13.659846,TRUE
0.76,0.11,0.025,0.13,71.50727,13.659846,TRUE
0.76,0.12,0.02,0.12,71.800835,12.937514,TRUE
0.76,0.12,0.025,0.12,71.800835,12.937514,TRUE
0.78,0.09,0.02,0.13,71.93652,12.6516485,TRUE
0.78,0.09,0.025,0.13,71.93652,12.6516485,TRUE
0.78,0.1,0.02,0.12,71.800835,12.937514,TRUE
0.78,0.1,0.025,0.12,71.800835,12.937514,TRUE
0.78,0.11,0.02,0.11,71.800835,12.937514,TRUE
0.78,0.11,0.025,0.11,71.800835,12.937514,TRUE
0.78,0.12,0.02,0.1,71.800835,12.937514,TRUE
0.78,0.12,0.025,0.1,71.800835,12.937514,TRUE
0.86,0.13,0.03,0.01,73.879364,6.2123523,TRUE
0.86,0.13,0.035,0.01,73.879364,6.2123523,TRUE
0.86,0.14,0.03,0,73.61481,6.2186007,TRUE
0.86,0.14,0.035,0,73.61481,6.2186007,TRUE
0.9,0,0.02,0.1,79.2146,5.6857643,TRUE
0.9,0,0.025,0.1,79.2146,5.6857643,TRUE
0.9,0,0.03,0.1,79.31607,5.448167,TRUE
0.9,0,0.035,0.1,79.31607,5.448167,TRUE
0.9,0.01,0.03,0.09,79.653076,4.512071,TRUE
0.9,0.01,0.035,0.09,79.653076,4.512071,TRUE
0.9,0.0125,0.03,0.0875,79.653076,4.512071,TRUE
0.9,0.0125,0.035,0.0875,79.653076,4.512071,TRUE
0.9,0.02,0.03,0.08,79.653076,4.512071,TRUE
0.9,0.02,0.035,0.08,79.653076,4.512071,TRUE
0.9,0.1,0.03,0,77.17091,5.822783,TRUE
0.9,0.1,0.035,0,77.17091,5.822783,TRUE
0.92,0,0.03,0.08,79.653076,4.512071,TRUE
0.92,0,0.035,0.08,79.653076,4.512071,TRUE
0.96,0,0.03,0.04,85.9035,4.214333,TRUE
0.96,0,0.035,0.04,85.9035,4.214333,TRUE
0.96,0.01,0.03,0.03,85.9035,4.214333,TRUE
0.96,0.01,0.035,0.03,85.9035,4.214333,TRUE
0.96,0.02,0.03,0.02,85.9035,4.214333,TRUE
0.96,0.02,0.035,0.02,85.9035,4.214333,TRUE
0.96,0.03,0.03,0.01,80.135956,4.2553525,TRUE
0.96,0.03,0.035,0.01,80.135956,4.2553525,TRUE
0.96,0.04,0.03,0,80.135956,4.2553525,TRUE
0.96,0.04,0.035,0,80.135956,4.2553525,TRUE
0.98,0,0.03,0.02,85.9035,4.214333,TRUE
0.98,0,0.035,0.02,85.9035,4.214333,TRUE
0.98,0.01,0.03,0.01,85.9035,4.214333,TRUE
0.98,0.01,0.035,0.01,85.9035,4.214333,TRUE
0.98,0.02,0.03,0,85.9035,4.214333,TRUE
0.98,0.02,0.035,0,85.9035,4.214333,TRUE
1,0,0,0,97.52934,2.2649682,TRUE
0.7,0.1,0,0.2,53.75099,7.962972,FALSE
0.7,0.1,0.005,0.2,53.75099,7.962972,FALSE
0.7,0.1,0.01,0.2,63.55306,9.9483595,FALSE
0.7,0.1,0.015,0.2,63.55306,9.9483595,FALSE
0.7,0.1,0.02,0.2,67.28228,13.510768,FALSE
0.7,0.1,0.025,0.2,67.28228,13.510768,FALSE
0.7,0.1,0.03,0.2,63.220116,13.402238,FALSE
0.7,0.1,0.035,0.2,63.220116,13.402238,FALSE
0.7,0.1,0.04,0.2,60.956573,11.957961,FALSE
0.7,0.1,0.045,0.2,60.956573,11.957961,FALSE
0.7,0.1,0.05,0.2,59.29934,11.893306,FALSE
0.7,0.1,0.055,0.2,59.29934,11.893306,FALSE
0.7,0.15,0,0.15,52.969242,7.6598263,FALSE
0.7,0.15,0.005,0.15,52.969242,7.6598263,FALSE
0.7,0.15,0.01,0.15,63.045734,9.752357,FALSE
0.7,0.15,0.015,0.15,63.045734,9.752357,FALSE
0.7,0.15,0.02,0.15,66.833466,13.24532,FALSE
0.7,0.15,0.025,0.15,66.833466,13.24532,FALSE
0.7,0.15,0.03,0.15,62.81353,13.501497,FALSE
0.7,0.15,0.035,0.15,62.81353,13.501497,FALSE
0.7,0.15,0.04,0.15,61.258957,12.40089,FALSE
0.7,0.15,0.045,0.15,61.258957,12.40089,FALSE
0.7,0.15,0.05,0.15,61.03218,12.689294,FALSE
0.7,0.15,0.055,0.15,61.03218,12.689294,FALSE
0.7,0.2,0,0.1,57.488583,7.3212886,FALSE
0.7,0.2,0.005,0.1,57.488583,7.3212886,FALSE
0.7,0.2,0.01,0.1,66.451904,9.112283,FALSE
0.7,0.2,0.015,0.1,66.451904,9.112283,FALSE
0.7,0.2,0.02,0.1,70.73844,12.646051,FALSE
0.7,0.2,0.025,0.1,70.73844,12.646051,FALSE
0.7,0.2,0.03,0.1,66.37255,11.968691,FALSE
0.7,0.2,0.035,0.1,66.37255,11.968691,FALSE
0.7,0.2,0.04,0.1,64.53599,10.506103,FALSE
0.7,0.2,0.045,0.1,64.53599,10.506103,FALSE
0.7,0.2,0.05,0.1,64.26296,10.762219,FALSE
0.7,0.2,0.055,0.1,64.26296,10.762219,FALSE
0.72,0.08,0,0.2,54.65016,7.7254868,FALSE
0.72,0.08,0.005,0.2,54.65016,7.7254868,FALSE
0.72,0.08,0.01,0.2,64.03911,9.698029,FALSE
0.72,0.08,0.015,0.2,64.03911,9.698029,FALSE
0.72,0.08,0.02,0.2,67.709496,12.502571,FALSE
0.72,0.08,0.025,0.2,67.709496,12.502571,FALSE
0.72,0.08,0.03,0.2,64.77307,12.542958,FALSE
0.72,0.08,0.035,0.2,64.77307,12.542958,FALSE
0.72,0.08,0.04,0.2,61.40883,11.253743,FALSE
0.72,0.08,0.045,0.2,61.40883,11.253743,FALSE
0.72,0.08,0.05,0.2,59.769722,11.197866,FALSE
0.72,0.08,0.055,0.2,59.769722,11.197866,FALSE
0.72,0.13,0,0.15,53.44772,7.5041065,FALSE
0.72,0.13,0.005,0.15,53.44772,7.5041065,FALSE
0.72,0.13,0.01,0.15,63.52424,9.657023,FALSE
0.72,0.13,0.015,0.15,63.52424,9.657023,FALSE
0.72,0.13,0.02,0.15,67.31194,13.195682,FALSE
0.72,0.13,0.025,0.15,67.31194,13.195682,FALSE
0.72,0.13,0.03,0.15,63.29203,13.4941025,FALSE
0.72,0.13,0.035,0.15,63.29203,13.4941025,FALSE
0.72,0.13,0.04,0.15,61.737442,12.449617,FALSE
0.72,0.13,0.045,0.15,61.737442,12.449617,FALSE
0.72,0.13,0.05,0.15,61.51066,12.738021,FALSE
0.72,0.13,0.055,0.15,61.51066,12.738021,FALSE
0.72,0.14,0,0.14,52.969242,7.2980175,FALSE
0.72,0.14,0.005,0.14,52.969242,7.2980175,FALSE
0.72,0.14,0.01,0.14,63.045734,9.427636,FALSE
0.72,0.14,0.015,0.14,63.045734,9.427636,FALSE
0.72,0.14,0.02,0.14,66.833466,13.077242,FALSE
0.72,0.14,0.025,0.14,66.833466,13.077242,FALSE
0.72,0.14,0.03,0.14,62.81353,13.486347,FALSE
0.72,0.14,0.035,0.14,62.81353,13.486347,FALSE
0.72,0.14,0.04,0.14,61.258957,12.38574,FALSE
0.72,0.14,0.045,0.14,61.258957,12.38574,FALSE
0.72,0.14,0.05,0.14,61.03218,12.674144,FALSE
0.72,0.14,0.055,0.14,61.03218,12.674144,FALSE
0.72,0.15,0,0.13,55.486286,7.481278,FALSE
0.72,0.15,0.005,0.13,55.486286,7.481278,FALSE
0.72,0.15,0.01,0.13,66.261055,9.610898,FALSE
0.72,0.15,0.015,0.13,66.261055,9.610898,FALSE
0.72,0.15,0.02,0.13,70.49873,13.394398,FALSE
0.72,0.15,0.025,0.13,70.49873,13.394398,FALSE
0.72,0.15,0.04,0.13,64.36842,12.702897,FALSE
0.72,0.15,0.045,0.13,64.36842,12.702897,FALSE
0.72,0.15,0.05,0.13,64.14685,12.9913,FALSE
0.72,0.15,0.055,0.13,64.14685,12.9913,FALSE
0.72,0.2,0,0.08,57.199757,7.032812,FALSE
0.72,0.2,0.005,0.08,57.199757,7.032812,FALSE
0.72,0.2,0.01,0.08,66.53627,8.269853,FALSE
0.72,0.2,0.015,0.08,66.53627,8.269853,FALSE
0.72,0.2,0.02,0.08,70.78458,11.068203,FALSE
0.72,0.2,0.025,0.08,70.78458,11.068203,FALSE
0.72,0.2,0.03,0.08,66.468796,11.294035,FALSE
0.72,0.2,0.035,0.08,66.468796,11.294035,FALSE
0.72,0.2,0.04,0.08,64.62713,9.840667,FALSE
0.72,0.2,0.045,0.08,64.62713,9.840667,FALSE
0.72,0.2,0.05,0.08,64.367325,10.089971,FALSE
0.72,0.2,0.055,0.08,64.367325,10.089971,FALSE
0.74,0.06,0,0.2,43.155586,6.9382596,FALSE
0.74,0.06,0.005,0.2,43.155586,6.9382596,FALSE
0.74,0.06,0.01,0.2,55.514214,8.774553,FALSE
0.74,0.06,0.015,0.2,55.514214,8.774553,FALSE
0.74,0.06,0.02,0.2,57.970074,11.237922,FALSE
0.74,0.06,0.025,0.2,57.970074,11.237922,FALSE
0.74,0.06,0.03,0.2,55.50653,11.447991,FALSE
0.74,0.06,0.035,0.2,55.50653,11.447991,FALSE
0.74,0.06,0.04,0.2,53.443184,10.453172,FALSE
0.74,0.06,0.045,0.2,53.443184,10.453172,FALSE
0.74,0.06,0.05,0.2,52.368927,10.409153,FALSE
0.74,0.06,0.055,0.2,52.368927,10.409153,FALSE
0.74,0.11,0,0.15,53.75099,7.962972,FALSE
0.74,0.11,0.005,0.15,53.75099,7.962972,FALSE
0.74,0.11,0.01,0.15,63.55306,9.9483595,FALSE
0.74,0.11,0.015,0.15,63.55306,9.9483595,FALSE
0.74,0.11,0.02,0.15,67.28228,13.510768,FALSE
0.74,0.11,0.025,0.15,67.28228,13.510768,FALSE
0.74,0.11,0.03,0.15,63.220116,13.402238,FALSE
0.74,0.11,0.035,0.15,63.220116,13.402238,FALSE
0.74,0.11,0.04,0.15,60.956573,11.957961,FALSE
0.74,0.11,0.045,0.15,60.956573,11.957961,FALSE
0.74,0.11,0.05,0.15,59.29934,11.893306,FALSE
0.74,0.11,0.055,0.15,59.29934,11.893306,FALSE
0.74,0.12,0,0.14,53.75099,7.6011624,FALSE
0.74,0.12,0.005,0.14,53.75099,7.6011624,FALSE
0.74,0.12,0.01,0.14,63.55306,9.623639,FALSE
0.74,0.12,0.015,0.14,63.55306,9.623639,FALSE
0.74,0.12,0.02,0.14,67.28228,13.3426895,FALSE
0.74,0.12,0.025,0.14,67.28228,13.3426895,FALSE
0.74,0.12,0.03,0.14,63.220116,13.387088,FALSE
0.74,0.12,0.035,0.14,63.220116,13.387088,FALSE
0.74,0.12,0.04,0.14,60.956573,11.942811,FALSE
0.74,0.12,0.045,0.14,60.956573,11.942811,FALSE
0.74,0.12,0.05,0.14,59.29934,11.878156,FALSE
0.74,0.12,0.055,0.14,59.29934,11.878156,FALSE
0.74,0.13,0,0.13,56.524483,7.325558,FALSE
0.74,0.13,0.005,0.13,56.524483,7.325558,FALSE
0.74,0.13,0.01,0.13,67.299255,9.515565,FALSE
0.74,0.13,0.015,0.13,67.299255,9.515565,FALSE
0.74,0.13,0.04,0.13,65.40662,12.751623,FALSE
0.74,0.13,0.045,0.13,65.40662,12.751623,FALSE
0.74,0.13,0.05,0.13,65.18506,13.040028,FALSE
0.74,0.13,0.055,0.13,65.18506,13.040028,FALSE
0.74,0.14,0,0.12,57.488583,7.3212886,FALSE
0.74,0.14,0.005,0.12,57.488583,7.3212886,FALSE
0.74,0.14,0.01,0.12,66.451904,9.112283,FALSE
0.74,0.14,0.015,0.12,66.451904,9.112283,FALSE
0.74,0.14,0.02,0.12,70.73844,12.646051,FALSE
0.74,0.14,0.025,0.12,70.73844,12.646051,FALSE
0.74,0.14,0.03,0.12,66.37255,11.968691,FALSE
0.74,0.14,0.035,0.12,66.37255,11.968691,FALSE
0.74,0.14,0.04,0.12,64.53599,10.506103,FALSE
0.74,0.14,0.045,0.12,64.53599,10.506103,FALSE
0.74,0.14,0.05,0.12,64.26296,10.762219,FALSE
0.74,0.14,0.055,0.12,64.26296,10.762219,FALSE
0.74,0.15,0,0.11,57.488583,7.3212886,FALSE
0.74,0.15,0.005,0.11,57.488583,7.3212886,FALSE
0.74,0.15,0.01,0.11,66.451904,9.112283,FALSE
0.74,0.15,0.015,0.11,66.451904,9.112283,FALSE
0.74,0.15,0.02,0.11,70.73844,12.646051,FALSE
0.74,0.15,0.025,0.11,70.73844,12.646051,FALSE
0.74,0.15,0.03,0.11,66.37255,11.968691,FALSE
0.74,0.15,0.035,0.11,66.37255,11.968691,FALSE
0.74,0.15,0.04,0.11,64.53599,10.506103,FALSE
0.74,0.15,0.045,0.11,64.53599,10.506103,FALSE
0.74,0.15,0.05,0.11,64.26296,10.762219,FALSE
0.74,0.15,0.055,0.11,64.26296,10.762219,FALSE
0.74,0.2,0,0.06,59.694023,6.104558,FALSE
0.74,0.2,0.005,0.06,59.694023,6.104558,FALSE
0.74,0.2,0.01,0.06,67.95629,7.4030495,FALSE
0.74,0.2,0.015,0.06,67.95629,7.4030495,FALSE
0.74,0.2,0.02,0.06,71.66067,9.918761,FALSE
0.74,0.2,0.025,0.06,71.66067,9.918761,FALSE
0.74,0.2,0.03,0.06,67.34489,10.428981,FALSE
0.74,0.2,0.035,0.06,67.34489,10.428981,FALSE
0.74,0.2,0.04,0.06,66.20185,9.083206,FALSE
0.74,0.2,0.045,0.06,66.20185,9.083206,FALSE
0.74,0.2,0.05,0.06,65.99809,9.332509,FALSE
0.74,0.2,0.055,0.06,65.99809,9.332509,FALSE
0.76,0.04,0,0.2,44.428574,7.0036407,FALSE
0.76,0.04,0.005,0.2,44.428574,7.0036407,FALSE
0.76,0.04,0.01,0.2,56.664238,8.907541,FALSE
0.76,0.04,0.015,0.2,56.664238,8.907541,FALSE
0.76,0.04,0.02,0.2,58.97324,11.391788,FALSE
0.76,0.04,0.025,0.2,58.97324,11.391788,FALSE
0.76,0.04,0.03,0.2,56.509716,11.557381,FALSE
0.76,0.04,0.035,0.2,56.509716,11.557381,FALSE
0.76,0.04,0.04,0.2,54.562874,10.537892,FALSE
0.76,0.04,0.045,0.2,54.562874,10.537892,FALSE
0.76,0.04,0.05,0.2,53.51136,10.455281,FALSE
0.76,0.04,0.055,0.2,53.51136,10.455281,FALSE
0.76,0.09,0,0.15,54.65016,7.7254868,FALSE
0.76,0.09,0.005,0.15,54.65016,7.7254868,FALSE
0.76,0.09,0.01,0.15,64.03911,9.698029,FALSE
0.76,0.09,0.015,0.15,64.03911,9.698029,FALSE
0.76,0.09,0.02,0.15,67.709496,12.502571,FALSE
0.76,0.09,0.025,0.15,67.709496,12.502571,FALSE
0.76,0.09,0.03,0.15,64.77307,12.542958,FALSE
0.76,0.09,0.035,0.15,64.77307,12.542958,FALSE
0.76,0.09,0.04,0.15,61.40883,11.253743,FALSE
0.76,0.09,0.045,0.15,61.40883,11.253743,FALSE
0.76,0.09,0.05,0.15,59.769722,11.197866,FALSE
0.76,0.09,0.055,0.15,59.769722,11.197866,FALSE
0.76,0.1,0,0.14,53.75099,7.6011624,FALSE
0.76,0.1,0.005,0.14,53.75099,7.6011624,FALSE
0.76,0.1,0.01,0.14,63.55306,9.623639,FALSE
0.76,0.1,0.015,0.14,63.55306,9.623639,FALSE
0.76,0.1,0.02,0.14,67.28228,13.3426895,FALSE
0.76,0.1,0.025,0.14,67.28228,13.3426895,FALSE
0.76,0.1,0.03,0.14,63.220116,13.387088,FALSE
0.76,0.1,0.035,0.14,63.220116,13.387088,FALSE
0.76,0.1,0.04,0.14,60.956573,11.942811,FALSE
0.76,0.1,0.045,0.14,60.956573,11.942811,FALSE
0.76,0.1,0.05,0.14,59.29934,11.878156,FALSE
0.76,0.1,0.055,0.14,59.29934,11.878156,FALSE
0.76,0.11,0,0.13,56.82776,7.7844224,FALSE
0.76,0.11,0.005,0.13,56.82776,7.7844224,FALSE
0.76,0.11,0.01,0.13,67.328064,9.806898,FALSE
0.76,0.11,0.015,0.13,67.328064,9.806898,FALSE
0.76,0.11,0.03,0.13,67.0959,13.704245,FALSE
0.76,0.11,0.035,0.13,67.0959,13.704245,FALSE
0.76,0.11,0.04,0.13,64.5918,12.259967,FALSE
0.76,0.11,0.045,0.13,64.5918,12.259967,FALSE
0.76,0.11,0.05,0.13,62.879837,12.1953125,FALSE
0.76,0.11,0.055,0.13,62.879837,12.1953125,FALSE
0.76,0.12,0,0.12,58.8867,7.6504498,FALSE
0.76,0.12,0.005,0.12,58.8867,7.6504498,FALSE
0.76,0.12,0.01,0.12,67.580795,9.334299,FALSE
0.76,0.12,0.015,0.12,67.580795,9.334299,FALSE
0.76,0.12,0.03,0.12,67.36801,11.895447,FALSE
0.76,0.12,0.035,0.12,67.36801,11.895447,FALSE
0.76,0.12,0.04,0.12,64.818535,10.089187,FALSE
0.76,0.12,0.045,0.12,64.818535,10.089187,FALSE
0.76,0.12,0.05,0.12,63.044067,9.992249,FALSE
0.76,0.12,0.055,0.12,63.044067,9.992249,FALSE
0.76,0.13,0,0.11,58.52678,7.16557,FALSE
0.76,0.13,0.005,0.11,58.52678,7.16557,FALSE
0.76,0.13,0.01,0.11,67.490105,9.016948,FALSE
0.76,0.13,0.015,0.11,67.490105,9.016948,FALSE
0.76,0.13,0.02,0.11,71.77664,12.596412,FALSE
0.76,0.13,0.025,0.11,71.77664,12.596412,FALSE
0.76,0.13,0.03,0.11,67.41075,11.961295,FALSE
0.76,0.13,0.035,0.11,67.41075,11.961295,FALSE
0.76,0.13,0.04,0.11,65.57418,10.554829,FALSE
0.76,0.13,0.045,0.11,65.57418,10.554829,FALSE
0.76,0.13,0.05,0.11,65.30117,10.810947,FALSE
0.76,0.13,0.055,0.11,65.30117,10.810947,FALSE
0.76,0.14,0,0.1,57.488583,7.3212886,FALSE
0.76,0.14,0.005,0.1,57.488583,7.3212886,FALSE
0.76,0.14,0.01,0.1,66.451904,9.112283,FALSE
0.76,0.14,0.015,0.1,66.451904,9.112283,FALSE
0.76,0.14,0.02,0.1,70.73844,12.646051,FALSE
0.76,0.14,0.025,0.1,70.73844,12.646051,FALSE
0.76,0.14,0.03,0.1,66.37255,11.968691,FALSE
0.76,0.14,0.035,0.1,66.37255,11.968691,FALSE
0.76,0.14,0.04,0.1,64.53599,10.506103,FALSE
0.76,0.14,0.045,0.1,64.53599,10.506103,FALSE
0.76,0.14,0.05,0.1,64.26296,10.762219,FALSE
0.76,0.14,0.055,0.1,64.26296,10.762219,FALSE
0.76,0.15,0,0.09,57.199757,7.032812,FALSE
0.76,0.15,0.005,0.09,57.199757,7.032812,FALSE
0.76,0.15,0.01,0.09,66.53627,8.269853,FALSE
0.76,0.15,0.015,0.09,66.53627,8.269853,FALSE
0.76,0.15,0.02,0.09,70.78458,11.068203,FALSE
0.76,0.15,0.025,0.09,70.78458,11.068203,FALSE
0.76,0.15,0.03,0.09,66.468796,11.294035,FALSE
0.76,0.15,0.035,0.09,66.468796,11.294035,FALSE
0.76,0.15,0.04,0.09,64.62713,9.840667,FALSE
0.76,0.15,0.045,0.09,64.62713,9.840667,FALSE
0.76,0.15,0.05,0.09,64.367325,10.089971,FALSE
0.76,0.15,0.055,0.09,64.367325,10.089971,FALSE
0.76,0.2,0,0.04,59.694023,6.1961946,FALSE
0.76,0.2,0.005,0.04,59.694023,6.1961946,FALSE
0.76,0.2,0.01,0.04,67.95629,7.494686,FALSE
0.76,0.2,0.015,0.04,67.95629,7.494686,FALSE
0.76,0.2,0.02,0.04,71.66067,10.010398,FALSE
0.76,0.2,0.025,0.04,71.66067,10.010398,FALSE
0.76,0.2,0.03,0.04,67.34489,10.4626665,FALSE
0.76,0.2,0.035,0.04,67.34489,10.4626665,FALSE
0.76,0.2,0.04,0.04,66.20185,9.083206,FALSE
0.76,0.2,0.045,0.04,66.20185,9.083206,FALSE
0.76,0.2,0.05,0.04,65.99809,9.332509,FALSE
0.76,0.2,0.055,0.04,65.99809,9.332509,FALSE
0.78,0.02,0,0.2,50.589954,6.845687,FALSE
0.78,0.02,0.005,0.2,50.589954,6.845687,FALSE
0.78,0.02,0.01,0.2,60.624832,8.803981,FALSE
0.78,0.02,0.015,0.2,60.624832,8.803981,FALSE
0.78,0.02,0.02,0.2,62.76789,11.353997,FALSE
0.78,0.02,0.025,0.2,62.76789,11.353997,FALSE
0.78,0.02,0.03,0.2,60.267803,11.519589,FALSE
0.78,0.02,0.035,0.2,60.267803,11.519589,FALSE
0.78,0.02,0.04,0.2,59.10579,10.500101,FALSE
0.78,0.02,0.045,0.2,59.10579,10.500101,FALSE
0.78,0.02,0.05,0.2,58.713478,10.41749,FALSE
0.78,0.02,0.055,0.2,58.713478,10.41749,FALSE
0.78,0.07,0,0.15,43.537193,7.2500615,FALSE
0.78,0.07,0.005,0.15,43.537193,7.2500615,FALSE
0.78,0.07,0.01,0.15,55.85816,9.249508,FALSE
0.78,0.07,0.015,0.15,55.85816,9.249508,FALSE
0.78,0.07,0.02,0.15,58.56764,12.054051,FALSE
0.78,0.07,0.025,0.15,58.56764,12.054051,FALSE
0.78,0.07,0.03,0.15,55.89233,12.094439,FALSE
0.78,0.07,0.035,0.15,55.89233,12.094439,FALSE
0.78,0.07,0.04,0.15,53.73842,10.805224,FALSE
0.78,0.07,0.045,0.15,53.73842,10.805224,FALSE
0.78,0.07,0.05,0.15,52.664154,10.749348,FALSE
0.78,0.07,0.055,0.15,52.664154,10.749348,FALSE
0.78,0.08,0,0.14,54.65016,7.363678,FALSE
0.78,0.08,0.005,0.14,54.65016,7.363678,FALSE
0.78,0.08,0.01,0.14,64.03911,9.373308,FALSE
0.78,0.08,0.015,0.14,64.03911,9.373308,FALSE
0.78,0.08,0.02,0.14,67.709496,12.334492,FALSE
0.78,0.08,0.025,0.14,67.709496,12.334492,FALSE
0.78,0.08,0.03,0.14,64.77307,12.527808,FALSE
0.78,0.08,0.035,0.14,64.77307,12.527808,FALSE
0.78,0.08,0.04,0.14,61.40883,11.238593,FALSE
0.78,0.08,0.045,0.14,61.40883,11.238593,FALSE
0.78,0.08,0.05,0.14,59.769722,11.182716,FALSE
0.78,0.08,0.055,0.14,59.769722,11.182716,FALSE
0.78,0.09,0,0.13,57.72953,7.546938,FALSE
0.78,0.09,0.005,0.13,57.72953,7.546938,FALSE
0.78,0.09,0.01,0.13,67.83456,9.556569,FALSE
0.78,0.09,0.015,0.13,67.83456,9.556569,FALSE
0.78,0.09,0.03,0.13,68.76048,12.844965,FALSE
0.78,0.09,0.035,0.13,68.76048,12.844965,FALSE
0.78,0.09,0.04,0.13,65.119934,11.555749,FALSE
0.78,0.09,0.045,0.13,65.119934,11.555749,FALSE
0.78,0.09,0.05,0.13,63.407036,11.499873,FALSE
0.78,0.09,0.055,0.13,63.407036,11.499873,FALSE
0.78,0.1,0,0.12,58.8867,7.6504498,FALSE
0.78,0.1,0.005,0.12,58.8867,7.6504498,FALSE
0.78,0.1,0.01,0.12,67.580795,9.334299,FALSE
0.78,0.1,0.015,0.12,67.580795,9.334299,FALSE
0.78,0.1,0.03,0.12,67.36801,11.895447,FALSE
0.78,0.1,0.035,0.12,67.36801,11.895447,FALSE
0.78,0.1,0.04,0.12,64.818535,10.089187,FALSE
0.78,0.1,0.045,0.12,64.818535,10.089187,FALSE
0.78,0.1,0.05,0.12,63.044067,9.992249,FALSE
0.78,0.1,0.055,0.12,63.044067,9.992249,FALSE
0.78,0.11,0,0.11,58.8867,7.6504498,FALSE
0.78,0.11,0.005,0.11,58.8867,7.6504498,FALSE
0.78,0.11,0.01,0.11,67.580795,9.334299,FALSE
0.78,0.11,0.015,0.11,67.580795,9.334299,FALSE
0.78,0.11,0.03,0.11,67.36801,11.895447,FALSE
0.78,0.11,0.035,0.11,67.36801,11.895447,FALSE
0.78,0.11,0.04,0.11,64.818535,10.089187,FALSE
0.78,0.11,0.045,0.11,64.818535,10.089187,FALSE
0.78,0.11,0.05,0.11,63.044067,9.992249,FALSE
0.78,0.11,0.055,0.11,63.044067,9.992249,FALSE
0.78,0.12,0,0.1,58.8867,7.6504498,FALSE
0.78,0.12,0.005,0.1,58.8867,7.6504498,FALSE
0.78,0.12,0.01,0.1,67.580795,9.334299,FALSE
0.78,0.12,0.015,0.1,67.580795,9.334299,FALSE
0.78,0.12,0.03,0.1,67.36801,11.895447,FALSE
0.78,0.12,0.035,0.1,67.36801,11.895447,FALSE
0.78,0.12,0.04,0.1,64.818535,10.089187,FALSE
0.78,0.12,0.045,0.1,64.818535,10.089187,FALSE
0.78,0.12,0.05,0.1,63.044067,9.992249,FALSE
0.78,0.12,0.055,0.1,63.044067,9.992249,FALSE
0.78,0.13,0,0.09,58.237957,6.8770924,FALSE
0.78,0.13,0.005,0.09,58.237957,6.8770924,FALSE
0.78,0.13,0.01,0.09,67.57447,8.17452,FALSE
0.78,0.13,0.015,0.09,67.57447,8.17452,FALSE
0.78,0.13,0.02,0.09,71.82278,11.018565,FALSE
0.78,0.13,0.025,0.09,71.82278,11.018565,FALSE
0.78,0.13,0.03,0.09,67.506996,11.286641,FALSE
0.78,0.13,0.035,0.09,67.506996,11.286641,FALSE
0.78,0.13,0.04,0.09,65.66532,9.889395,FALSE
0.78,0.13,0.045,0.09,65.66532,9.889395,FALSE
0.78,0.13,0.05,0.09,65.40553,10.138697,FALSE
0.78,0.13,0.055,0.09,65.40553,10.138697,FALSE
0.78,0.14,0,0.08,57.199757,7.032812,FALSE
0.78,0.14,0.005,0.08,57.199757,7.032812,FALSE
0.78,0.14,0.01,0.08,66.53627,8.269853,FALSE
0.78,0.14,0.015,0.08,66.53627,8.269853,FALSE
0.78,0.14,0.02,0.08,70.78458,11.068203,FALSE
0.78,0.14,0.025,0.08,70.78458,11.068203,FALSE
0.78,0.14,0.03,0.08,66.468796,11.294035,FALSE
0.78,0.14,0.035,0.08,66.468796,11.294035,FALSE
0.78,0.14,0.04,0.08,64.62713,9.840667,FALSE
0.78,0.14,0.045,0.08,64.62713,9.840667,FALSE
0.78,0.14,0.05,0.08,64.367325,10.089971,FALSE
0.78,0.14,0.055,0.08,64.367325,10.089971,FALSE
0.78,0.15,0,0.07,57.175774,6.192609,FALSE
0.78,0.15,0.005,0.07,57.175774,6.192609,FALSE
0.78,0.15,0.01,0.07,66.53627,7.4943094,FALSE
0.78,0.15,0.015,0.07,66.53627,7.4943094,FALSE
0.78,0.15,0.02,0.07,70.78458,10.134827,FALSE
0.78,0.15,0.025,0.07,70.78458,10.134827,FALSE
0.78,0.15,0.03,0.07,66.468796,10.552852,FALSE
0.78,0.15,0.035,0.07,66.468796,10.552852,FALSE
0.78,0.15,0.04,0.07,64.62713,9.207076,FALSE
0.78,0.15,0.045,0.07,64.62713,9.207076,FALSE
0.78,0.15,0.05,0.07,64.367325,9.45638,FALSE
0.78,0.15,0.055,0.07,64.367325,9.45638,FALSE
0.78,0.2,0,0.02,59.694023,6.1860523,FALSE
0.78,0.2,0.005,0.02,59.694023,6.1860523,FALSE
0.78,0.2,0.01,0.02,67.95629,7.478751,FALSE
0.78,0.2,0.015,0.02,67.95629,7.478751,FALSE
0.78,0.2,0.02,0.02,71.66067,10.010398,FALSE
0.78,0.2,0.025,0.02,71.66067,10.010398,FALSE
0.78,0.2,0.03,0.02,67.34489,10.4626665,FALSE
0.78,0.2,0.035,0.02,67.34489,10.4626665,FALSE
0.78,0.2,0.04,0.02,66.20185,9.083206,FALSE
0.78,0.2,0.045,0.02,66.20185,9.083206,FALSE
0.78,0.2,0.05,0.02,65.99809,9.332509,FALSE
0.78,0.2,0.055,0.02,65.99809,9.332509,FALSE
0.8,0,0,0.2,50.288776,4.4859023,FALSE
0.8,0,0.005,0.2,50.288776,4.4859023,FALSE
0.8,0,0.01,0.2,60.326702,5.7739315,FALSE
0.8,0,0.015,0.2,60.326702,5.7739315,FALSE
0.8,0,0.02,0.2,62.498055,8.6565485,FALSE
0.8,0,0.025,0.2,62.498055,8.6565485,FALSE
0.8,0,0.03,0.2,59.76242,8.835273,FALSE
0.8,0,0.035,0.2,59.76242,8.835273,FALSE
0.8,0,0.04,0.2,57.34983,7.3074074,FALSE
0.8,0,0.045,0.2,57.34983,7.3074074,FALSE
0.8,0,0.05,0.2,55.240704,7.002427,FALSE
0.8,0,0.055,0.2,55.240704,7.002427,FALSE
0.8,0.05,0,0.15,42.85441,4.578475,FALSE
0.8,0.05,0.005,0.15,42.85441,4.578475,FALSE
0.8,0.05,0.01,0.15,55.216087,5.7445054,FALSE
0.8,0.05,0.015,0.15,55.216087,5.7445054,FALSE
0.8,0.05,0.02,0.15,57.700237,8.540474,FALSE
0.8,0.05,0.025,0.15,57.700237,8.540474,FALSE
0.8,0.05,0.03,0.15,55.001133,8.763674,FALSE
0.8,0.05,0.035,0.15,55.001133,8.763674,FALSE
0.8,0.05,0.04,0.15,51.687244,7.2604785,FALSE
0.8,0.05,0.045,0.15,51.687244,7.2604785,FALSE
0.8,0.05,0.05,0.15,48.89617,6.9940915,FALSE
0.8,0.05,0.055,0.15,48.89617,6.9940915,FALSE
0.8,0.06,0,0.14,42.85441,4.158948,FALSE
0.8,0.06,0.005,0.14,42.85441,4.158948,FALSE
0.8,0.06,0.01,0.14,55.216087,5.3620667,FALSE
0.8,0.06,0.015,0.14,55.216087,5.3620667,FALSE
0.8,0.06,0.02,0.14,57.700237,8.314676,FALSE
0.8,0.06,0.025,0.14,57.700237,8.314676,FALSE
0.8,0.06,0.03,0.14,55.001133,8.6908045,FALSE
0.8,0.06,0.035,0.14,55.001133,8.6908045,FALSE
0.8,0.06,0.04,0.14,51.687244,7.1876106,FALSE
0.8,0.06,0.045,0.14,51.687244,7.1876106,FALSE
0.8,0.06,0.05,0.14,48.89617,6.9212236,FALSE
0.8,0.06,0.055,0.14,48.89617,6.9212236,FALSE
0.8,0.0625,0,0.1375,42.85441,4.158948,FALSE
0.8,0.0625,0.005,0.1375,42.85441,4.158948,FALSE
0.8,0.0625,0.01,0.1375,55.216087,5.3620667,FALSE
0.8,0.0625,0.015,0.1375,55.216087,5.3620667,FALSE
0.8,0.0625,0.02,0.1375,57.700237,8.314676,FALSE
0.8,0.0625,0.025,0.1375,57.700237,8.314676,FALSE
0.8,0.0625,0.03,0.1375,55.001133,8.6908045,FALSE
0.8,0.0625,0.035,0.1375,55.001133,8.6908045,FALSE
0.8,0.0625,0.04,0.1375,51.687244,7.1876106,FALSE
0.8,0.0625,0.045,0.1375,51.687244,7.1876106,FALSE
0.8,0.0625,0.05,0.1375,48.89617,6.9212236,FALSE
0.8,0.0625,0.055,0.1375,48.89617,6.9212236,FALSE
0.8,0.07,0,0.13,45.867985,4.6320443,FALSE
0.8,0.07,0.005,0.13,45.867985,4.6320443,FALSE
0.8,0.07,0.01,0.13,59.01486,5.998318,FALSE
0.8,0.07,0.015,0.13,59.01486,5.998318,FALSE
0.8,0.07,0.02,0.13,62.142525,9.425995,FALSE
0.8,0.07,0.025,0.13,62.142525,9.425995,FALSE
0.8,0.07,0.03,0.13,58.948368,9.632442,FALSE
0.8,0.07,0.035,0.13,58.948368,9.632442,FALSE
0.8,0.07,0.04,0.13,55.045383,7.8348546,FALSE
0.8,0.07,0.045,0.13,55.045383,7.8348546,FALSE
0.8,0.07,0.05,0.13,51.6417,7.5566096,FALSE
0.8,0.07,0.055,0.13,51.6417,7.5566096,FALSE
0.8,0.075,0,0.125,56.42283,5.2049456,FALSE
0.8,0.075,0.005,0.125,56.42283,5.2049456,FALSE
0.8,0.075,0.01,0.125,66.67559,6.5443125,FALSE
0.8,0.075,0.015,0.125,66.67559,6.5443125,FALSE
0.8,0.075,0.02,0.125,70.70959,9.9719925,FALSE
0.8,0.075,0.025,0.125,70.70959,9.9719925,FALSE
0.8,0.075,0.03,0.125,67.179405,10.178438,FALSE
0.8,0.075,0.035,0.125,67.179405,10.178438,FALSE
0.8,0.075,0.04,0.125,61.887108,8.380845,FALSE
0.8,0.075,0.045,0.125,61.887108,8.380845,FALSE
0.8,0.075,0.05,0.125,57.278404,8.102597,FALSE
0.8,0.075,0.055,0.125,57.278404,8.102597,FALSE
0.8,0.08,0,0.12,58.61126,5.1990976,FALSE
0.8,0.08,0.005,0.12,58.61126,5.1990976,FALSE
0.8,0.08,0.01,0.12,67.07978,6.199836,FALSE
0.8,0.08,0.015,0.12,67.07978,6.199836,FALSE
0.8,0.08,0.02,0.12,71.150986,9.377787,FALSE
0.8,0.08,0.025,0.12,71.150986,9.377787,FALSE
0.8,0.08,0.03,0.12,67.59935,8.497768,FALSE
0.8,0.08,0.035,0.12,67.59935,8.497768,FALSE
0.8,0.08,0.04,0.12,62.256374,6.338197,FALSE
0.8,0.08,0.045,0.12,62.256374,6.338197,FALSE
0.8,0.08,0.05,0.12,57.562786,6.027667,FALSE
0.8,0.08,0.055,0.12,57.562786,6.027667,FALSE
0.8,0.0875,0,0.1125,58.61126,5.1990976,FALSE
0.8,0.0875,0.005,0.1125,58.61126,5.1990976,FALSE
0.8,0.0875,0.01,0.1125,67.07978,6.199836,FALSE
0.8,0.0875,0.015,0.1125,67.07978,6.199836,FALSE
0.8,0.0875,0.02,0.1125,71.150986,9.377787,FALSE
0.8,0.0875,0.025,0.1125,71.150986,9.377787,FALSE
0.8,0.0875,0.03,0.1125,67.59935,8.497768,FALSE
0.8,0.0875,0.035,0.1125,67.59935,8.497768,FALSE
0.8,0.0875,0.04,0.1125,62.256374,6.338197,FALSE
0.8,0.0875,0.045,0.1125,62.256374,6.338197,FALSE
0.8,0.0875,0.05,0.1125,57.562786,6.027667,FALSE
0.8,0.0875,0.055,0.1125,57.562786,6.027667,FALSE
0.8,0.09,0,0.11,58.61126,5.1990976,FALSE
0.8,0.09,0.005,0.11,58.61126,5.1990976,FALSE
0.8,0.09,0.01,0.11,67.07978,6.199836,FALSE
0.8,0.09,0.015,0.11,67.07978,6.199836,FALSE
0.8,0.09,0.02,0.11,71.150986,9.377787,FALSE
0.8,0.09,0.025,0.11,71.150986,9.377787,FALSE
0.8,0.09,0.03,0.11,67.59935,8.497768,FALSE
0.8,0.09,0.035,0.11,67.59935,8.497768,FALSE
0.8,0.09,0.04,0.11,62.256374,6.338197,FALSE
0.8,0.09,0.045,0.11,62.256374,6.338197,FALSE
0.8,0.09,0.05,0.11,57.562786,6.027667,FALSE
0.8,0.09,0.055,0.11,57.562786,6.027667,FALSE
0.8,0.1,0,0.1,57.642292,5.3965254,FALSE
0.8,0.1,0.005,0.1,57.642292,5.3965254,FALSE
0.8,0.1,0.01,0.1,66.51132,6.4101105,FALSE
0.8,0.1,0.015,0.1,66.51132,6.4101105,FALSE
0.8,0.1,0.02,0.1,70.65174,10.345925,FALSE
0.8,0.1,0.025,0.1,70.65174,10.345925,FALSE
0.8,0.1,0.03,0.1,65.864784,9.316991,FALSE
0.8,0.1,0.035,0.1,65.864784,9.316991,FALSE
0.8,0.1,0.04,0.1,61.663555,7.0023594,FALSE
0.8,0.1,0.045,0.1,61.663555,7.0023594,FALSE
0.8,0.1,0.05,0.1,56.955914,6.6830497,FALSE
0.8,0.1,0.055,0.1,56.955914,6.6830497,FALSE
0.8,0.11,0,0.09,57.353466,5.065737,FALSE
0.8,0.11,0.005,0.09,57.353466,5.065737,FALSE
0.8,0.11,0.01,0.09,66.59569,5.525369,FALSE
0.8,0.11,0.015,0.09,66.59569,5.525369,FALSE
0.8,0.11,0.02,0.09,70.697876,8.725767,FALSE
0.8,0.11,0.025,0.09,70.697876,8.725767,FALSE
0.8,0.11,0.03,0.09,65.985344,8.600021,FALSE
0.8,0.11,0.035,0.09,65.985344,8.600021,FALSE
0.8,0.11,0.04,0.09,61.779007,6.2946124,FALSE
0.8,0.11,0.045,0.09,61.779007,6.2946124,FALSE
0.8,0.11,0.05,0.09,57.131912,5.968486,FALSE
0.8,0.11,0.055,0.09,57.131912,5.968486,FALSE
0.8,0.1125,0,0.0875,57.353466,5.065737,FALSE
0.8,0.1125,0.005,0.0875,57.353466,5.065737,FALSE
0.8,0.1125,0.01,0.0875,66.59569,5.525369,FALSE
0.8,0.1125,0.015,0.0875,66.59569,5.525369,FALSE
0.8,0.1125,0.02,0.0875,70.697876,8.725767,FALSE
0.8,0.1125,0.025,0.0875,70.697876,8.725767,FALSE
0.8,0.1125,0.03,0.0875,65.985344,8.600021,FALSE
0.8,0.1125,0.035,0.0875,65.985344,8.600021,FALSE
0.8,0.1125,0.04,0.0875,61.779007,6.2946124,FALSE
0.8,0.1125,0.045,0.0875,61.779007,6.2946124,FALSE
0.8,0.1125,0.05,0.0875,57.131912,5.968486,FALSE
0.8,0.1125,0.055,0.0875,57.131912,5.968486,FALSE
0.8,0.12,0,0.08,57.353466,5.065737,FALSE
0.8,0.12,0.005,0.08,57.353466,5.065737,FALSE
0.8,0.12,0.01,0.08,66.59569,5.525369,FALSE
0.8,0.12,0.015,0.08,66.59569,5.525369,FALSE
0.8,0.12,0.02,0.08,70.697876,8.725767,FALSE
0.8,0.12,0.025,0.08,70.697876,8.725767,FALSE
0.8,0.12,0.03,0.08,65.985344,8.600021,FALSE
0.8,0.12,0.035,0.08,65.985344,8.600021,FALSE
0.8,0.12,0.04,0.08,61.779007,6.2946124,FALSE
0.8,0.12,0.045,0.08,61.779007,6.2946124,FALSE
0.8,0.12,0.05,0.08,57.131912,5.968486,FALSE
0.8,0.12,0.055,0.08,57.131912,5.968486,FALSE
0.8,0.125,0,0.075,56.85723,4.5908093,FALSE
0.8,0.125,0.005,0.075,56.85723,4.5908093,FALSE
0.8,0.125,0.01,0.075,66.347046,5.2179723,FALSE
0.8,0.125,0.015,0.075,66.347046,5.2179723,FALSE
0.8,0.125,0.02,0.075,70.54768,8.394618,FALSE
0.8,0.125,0.025,0.075,70.54768,8.394618,FALSE
0.8,0.125,0.03,0.075,65.87777,8.675823,FALSE
0.8,0.125,0.035,0.075,65.87777,8.675823,FALSE
0.8,0.125,0.04,0.075,62.363083,6.7702045,FALSE
0.8,0.125,0.045,0.075,62.363083,6.7702045,FALSE
0.8,0.125,0.05,0.075,59.222828,6.7971373,FALSE
0.8,0.125,0.055,0.075,59.222828,6.7971373,FALSE
0.8,0.13,0,0.07,56.823593,3.7506042,FALSE
0.8,0.13,0.005,0.07,56.823593,3.7506042,FALSE
0.8,0.13,0.01,0.07,66.347046,4.442429,FALSE
0.8,0.13,0.015,0.07,66.347046,4.442429,FALSE
0.8,0.13,0.02,0.07,70.54768,7.461243,FALSE
0.8,0.13,0.025,0.07,70.54768,7.461243,FALSE
0.8,0.13,0.03,0.07,65.87777,7.934641,FALSE
0.8,0.13,0.035,0.07,65.87777,7.934641,FALSE
0.8,0.13,0.04,0.07,62.363083,6.136609,FALSE
0.8,0.13,0.045,0.07,62.363083,6.136609,FALSE
0.8,0.13,0.05,0.07,59.222828,6.163542,FALSE
0.8,0.13,0.055,0.07,59.222828,6.163542,FALSE
0.8,0.1375,0,0.0625,58.635532,3.8182733,FALSE
0.8,0.1375,0.005,0.0625,58.635532,3.8182733,FALSE
0.8,0.1375,0.01,0.0625,67.06077,4.446504,FALSE
0.8,0.1375,0.015,0.0625,67.06077,4.446504,FALSE
0.8,0.1375,0.02,0.0625,70.717476,7.2948165,FALSE
0.8,0.1375,0.025,0.0625,70.717476,7.2948165,FALSE
0.8,0.1375,0.03,0.0625,66.04756,7.818166,FALSE
0.8,0.1375,0.035,0.0625,66.04756,7.818166,FALSE
0.8,0.1375,0.04,0.0625,63.231544,5.964013,FALSE
0.8,0.1375,0.045,0.0625,63.231544,5.964013,FALSE
0.8,0.1375,0.05,0.0625,60.14725,5.990946,FALSE
0.8,0.1375,0.055,0.0625,60.14725,5.990946,FALSE
0.8,0.14,0,0.06,58.635532,3.8182733,FALSE
0.8,0.14,0.005,0.06,58.635532,3.8182733,FALSE
0.8,0.14,0.01,0.06,67.06077,4.446504,FALSE
0.8,0.14,0.015,0.06,67.06077,4.446504,FALSE
0.8,0.14,0.02,0.06,70.717476,7.2948165,FALSE
0.8,0.14,0.025,0.06,70.717476,7.2948165,FALSE
0.8,0.14,0.03,0.06,66.04756,7.818166,FALSE
0.8,0.14,0.035,0.06,66.04756,7.818166,FALSE
0.8,0.14,0.04,0.06,63.231544,5.964013,FALSE
0.8,0.14,0.045,0.06,63.231544,5.964013,FALSE
0.8,0.14,0.05,0.06,60.14725,5.990946,FALSE
0.8,0.14,0.055,0.06,60.14725,5.990946,FALSE
0.8,0.15,0,0.05,58.635532,3.8182733,FALSE
0.8,0.15,0.005,0.05,58.635532,3.8182733,FALSE
0.8,0.15,0.01,0.05,67.06077,4.446504,FALSE
0.8,0.15,0.015,0.05,67.06077,4.446504,FALSE
0.8,0.15,0.02,0.05,70.717476,7.2948165,FALSE
0.8,0.15,0.025,0.05,70.717476,7.2948165,FALSE
0.8,0.15,0.03,0.05,66.04756,7.818166,FALSE
0.8,0.15,0.035,0.05,66.04756,7.818166,FALSE
0.8,0.15,0.04,0.05,63.231544,5.964013,FALSE
0.8,0.15,0.045,0.05,63.231544,5.964013,FALSE
0.8,0.15,0.05,0.05,60.14725,5.990946,FALSE
0.8,0.15,0.055,0.05,60.14725,5.990946,FALSE
0.8,0.2,0,0,58.635532,3.899768,FALSE
0.8,0.2,0.005,0,58.635532,3.899768,FALSE
0.8,0.2,0.01,0,67.06077,4.522205,FALSE
0.8,0.2,0.015,0,67.06077,4.522205,FALSE
0.8,0.2,0.02,0,70.717476,7.386453,FALSE
0.8,0.2,0.025,0,70.717476,7.386453,FALSE
0.8,0.2,0.03,0,66.04756,7.8518505,FALSE
0.8,0.2,0.035,0,66.04756,7.8518505,FALSE
0.8,0.2,0.04,0,63.231544,5.964013,FALSE
0.8,0.2,0.045,0,63.231544,5.964013,FALSE
0.8,0.2,0.05,0,60.14725,5.990946,FALSE
0.8,0.2,0.055,0,60.14725,5.990946,FALSE
0.82,0.03,0,0.15,44.127396,4.643856,FALSE
0.82,0.03,0.005,0.15,44.127396,4.643856,FALSE
0.82,0.03,0.01,0.15,56.366104,5.8774934,FALSE
0.82,0.03,0.015,0.15,56.366104,5.8774934,FALSE
0.82,0.03,0.02,0.15,58.703396,8.694339,FALSE
0.82,0.03,0.025,0.15,58.703396,8.694339,FALSE
0.82,0.03,0.03,0.15,56.00433,8.873063,FALSE
0.82,0.03,0.035,0.15,56.00433,8.873063,FALSE
0.82,0.03,0.04,0.15,52.806927,7.345199,FALSE
0.82,0.03,0.045,0.15,52.806927,7.345199,FALSE
0.82,0.03,0.05,0.15,50.03858,7.040219,FALSE
0.82,0.03,0.055,0.15,50.03858,7.040219,FALSE
0.82,0.04,0,0.14,44.127396,4.224329,FALSE
0.82,0.04,0.005,0.14,44.127396,4.224329,FALSE
0.82,0.04,0.01,0.14,56.366104,5.4950547,FALSE
0.82,0.04,0.015,0.14,56.366104,5.4950547,FALSE
0.82,0.04,0.02,0.14,58.703396,8.46854,FALSE
0.82,0.04,0.025,0.14,58.703396,8.46854,FALSE
0.82,0.04,0.03,0.14,56.00433,8.800194,FALSE
0.82,0.04,0.035,0.14,56.00433,8.800194,FALSE
0.82,0.04,0.04,0.14,52.806927,7.272331,FALSE
0.82,0.04,0.045,0.14,52.806927,7.272331,FALSE
0.82,0.04,0.05,0.14,50.03858,6.967351,FALSE
0.82,0.04,0.055,0.14,50.03858,6.967351,FALSE
0.82,0.05,0,0.13,45.592327,4.3422084,FALSE
0.82,0.05,0.005,0.13,45.592327,4.3422084,FALSE
0.82,0.05,0.01,0.13,58.76747,5.545327,FALSE
0.82,0.05,0.015,0.13,58.76747,5.545327,FALSE
0.82,0.05,0.02,0.13,61.6178,8.631829,FALSE
0.82,0.05,0.025,0.13,61.6178,8.631829,FALSE
0.82,0.05,0.03,0.13,58.6685,9.007962,FALSE
0.82,0.05,0.035,0.13,58.6685,9.007962,FALSE
0.82,0.05,0.04,0.13,54.85609,7.504767,FALSE
0.82,0.05,0.045,0.13,54.85609,7.504767,FALSE
0.82,0.05,0.05,0.13,51.452415,7.23838,FALSE
0.82,0.05,0.055,0.13,51.452415,7.23838,FALSE
0.82,0.06,0,0.12,47.780746,4.409448,FALSE
0.82,0.06,0.005,0.12,47.780746,4.409448,FALSE
0.82,0.06,0.01,0.12,59.17167,5.273938,FALSE
0.82,0.06,0.015,0.12,59.17167,5.273938,FALSE
0.82,0.06,0.02,0.12,62.059216,8.110716,FALSE
0.82,0.06,0.025,0.12,62.059216,8.110716,FALSE
0.82,0.06,0.03,0.12,59.088448,7.4003835,FALSE
0.82,0.06,0.035,0.12,59.088448,7.4003835,FALSE
0.82,0.06,0.04,0.12,55.22535,5.535204,FALSE
0.82,0.06,0.045,0.12,55.22535,5.535204,FALSE
0.82,0.06,0.05,0.12,51.736794,5.236531,FALSE
0.82,0.06,0.055,0.12,51.736794,5.236531,FALSE
0.82,0.07,0,0.11,48.05641,4.699284,FALSE
0.82,0.07,0.005,0.11,48.05641,4.699284,FALSE
0.82,0.07,0.01,0.11,59.419064,5.726929,FALSE
0.82,0.07,0.015,0.11,59.419064,5.726929,FALSE
0.82,0.07,0.02,0.11,62.58393,8.904879,FALSE
0.82,0.07,0.025,0.11,62.58393,8.904879,FALSE
0.82,0.07,0.03,0.11,59.368313,8.024862,FALSE
0.82,0.07,0.035,0.11,59.368313,8.024862,FALSE
0.82,0.07,0.04,0.11,55.414642,5.8652906,FALSE
0.82,0.07,0.045,0.11,55.414642,5.8652906,FALSE
0.82,0.07,0.05,0.11,51.926083,5.5547605,FALSE
0.82,0.07,0.055,0.11,51.926083,5.5547605,FALSE
0.82,0.08,0,0.1,58.61126,5.1990976,FALSE
0.82,0.08,0.005,0.1,58.61126,5.1990976,FALSE
0.82,0.08,0.01,0.1,67.07978,6.199836,FALSE
0.82,0.08,0.015,0.1,67.07978,6.199836,FALSE
0.82,0.08,0.02,0.1,71.150986,9.377787,FALSE
0.82,0.08,0.025,0.1,71.150986,9.377787,FALSE
0.82,0.08,0.03,0.1,67.59935,8.497768,FALSE
0.82,0.08,0.035,0.1,67.59935,8.497768,FALSE
0.82,0.08,0.04,0.1,62.256374,6.338197,FALSE
0.82,0.08,0.045,0.1,62.256374,6.338197,FALSE
0.82,0.08,0.05,0.1,57.562786,6.027667,FALSE
0.82,0.08,0.055,0.1,57.562786,6.027667,FALSE
0.82,0.09,0,0.09,58.322433,4.648346,FALSE
0.82,0.09,0.005,0.09,58.322433,4.648346,FALSE
0.82,0.09,0.01,0.09,67.16415,5.095133,FALSE
0.82,0.09,0.015,0.09,67.16415,5.095133,FALSE
0.82,0.09,0.02,0.09,71.19712,7.5376654,FALSE
0.82,0.09,0.025,0.09,71.19712,7.5376654,FALSE
0.82,0.09,0.03,0.09,67.71992,7.5608387,FALSE
0.82,0.09,0.035,0.09,67.71992,7.5608387,FALSE
0.82,0.09,0.04,0.09,62.371826,5.410487,FALSE
0.82,0.09,0.045,0.09,62.371826,5.410487,FALSE
0.82,0.09,0.05,0.09,57.738785,5.093141,FALSE
0.82,0.09,0.055,0.09,57.738785,5.093141,FALSE
0.82,0.1,0,0.08,57.353466,5.065737,FALSE
0.82,0.1,0.005,0.08,57.353466,5.065737,FALSE
0.82,0.1,0.01,0.08,66.59569,5.525369,FALSE
0.82,0.1,0.015,0.08,66.59569,5.525369,FALSE
0.82,0.1,0.02,0.08,70.697876,8.725767,FALSE
0.82,0.1,0.025,0.08,70.697876,8.725767,FALSE
0.82,0.1,0.03,0.08,65.985344,8.600021,FALSE
0.82,0.1,0.035,0.08,65.985344,8.600021,FALSE
0.82,0.1,0.04,0.08,61.779007,6.2946124,FALSE
0.82,0.1,0.045,0.08,61.779007,6.2946124,FALSE
0.82,0.1,0.05,0.08,57.131912,5.968486,FALSE
0.82,0.1,0.055,0.08,57.131912,5.968486,FALSE
0.82,0.11,0,0.07,57.319828,4.2329783,FALSE
0.82,0.11,0.005,0.07,57.319828,4.2329783,FALSE
0.82,0.11,0.01,0.07,66.59569,4.757271,FALSE
0.82,0.11,0.015,0.07,66.59569,4.757271,FALSE
0.82,0.11,0.02,0.07,70.697876,7.799836,FALSE
0.82,0.11,0.025,0.07,70.697876,7.799836,FALSE
0.82,0.11,0.03,0.07,65.985344,7.8662834,FALSE
0.82,0.11,0.035,0.07,65.985344,7.8662834,FALSE
0.82,0.11,0.04,0.07,61.779007,5.668462,FALSE
0.82,0.11,0.045,0.07,61.779007,5.668462,FALSE
0.82,0.11,0.05,0.07,57.131912,5.342335,FALSE
0.82,0.11,0.055,0.07,57.131912,5.342335,FALSE
0.82,0.12,0,0.06,59.82406,4.144928,FALSE
0.82,0.12,0.005,0.06,59.82406,4.144928,FALSE
0.82,0.12,0.01,0.06,68.01571,4.666011,FALSE
0.82,0.12,0.015,0.06,68.01571,4.666011,FALSE
0.82,0.12,0.02,0.06,71.57397,7.5837708,FALSE
0.82,0.12,0.025,0.06,71.57397,7.5837708,FALSE
0.82,0.12,0.03,0.06,66.861435,7.7424135,FALSE
0.82,0.12,0.035,0.06,66.861435,7.7424135,FALSE
0.82,0.12,0.04,0.06,63.70412,5.544592,FALSE
0.82,0.12,0.045,0.06,63.70412,5.544592,FALSE
0.82,0.12,0.05,0.06,59.5656,5.2184653,FALSE
0.82,0.12,0.055,0.06,59.5656,5.2184653,FALSE
0.82,0.13,0,0.05,59.341843,3.6625533,FALSE
0.82,0.13,0.005,0.05,59.341843,3.6625533,FALSE
0.82,0.13,0.01,0.05,67.76707,4.35117,FALSE
0.82,0.13,0.015,0.05,67.76707,4.35117,FALSE
0.82,0.13,0.02,0.05,71.423775,7.2451777,FALSE
0.82,0.13,0.025,0.05,71.423775,7.2451777,FALSE
0.82,0.13,0.03,0.05,66.75386,7.81077,FALSE
0.82,0.13,0.035,0.05,66.75386,7.81077,FALSE
0.82,0.13,0.04,0.05,63.9379,6.012739,FALSE
0.82,0.13,0.045,0.05,63.9379,6.012739,FALSE
0.82,0.13,0.05,0.05,60.853565,6.039672,FALSE
0.82,0.13,0.055,0.05,60.853565,6.039672,FALSE
0.82,0.14,0,0.04,58.635532,3.909911,FALSE
0.82,0.14,0.005,0.04,58.635532,3.909911,FALSE
0.82,0.14,0.01,0.04,67.06077,4.53814,FALSE
0.82,0.14,0.015,0.04,67.06077,4.53814,FALSE
0.82,0.14,0.02,0.04,70.717476,7.386453,FALSE
0.82,0.14,0.025,0.04,70.717476,7.386453,FALSE
0.82,0.14,0.03,0.04,66.04756,7.8518505,FALSE
0.82,0.14,0.035,0.04,66.04756,7.8518505,FALSE
0.82,0.14,0.04,0.04,63.231544,5.964013,FALSE
0.82,0.14,0.045,0.04,63.231544,5.964013,FALSE
0.82,0.14,0.05,0.04,60.14725,5.990946,FALSE
0.82,0.14,0.055,0.04,60.14725,5.990946,FALSE
0.82,0.15,0,0.03,58.635532,3.909911,FALSE
0.82,0.15,0.005,0.03,58.635532,3.909911,FALSE
0.82,0.15,0.01,0.03,67.06077,4.53814,FALSE
0.82,0.15,0.015,0.03,67.06077,4.53814,FALSE
0.82,0.15,0.02,0.03,70.717476,7.386453,FALSE
0.82,0.15,0.025,0.03,70.717476,7.386453,FALSE
0.82,0.15,0.03,0.03,66.04756,7.8518505,FALSE
0.82,0.15,0.035,0.03,66.04756,7.8518505,FALSE
0.82,0.15,0.04,0.03,63.231544,5.964013,FALSE
0.82,0.15,0.045,0.03,63.231544,5.964013,FALSE
0.82,0.15,0.05,0.03,60.14725,5.990946,FALSE
0.82,0.15,0.055,0.03,60.14725,5.990946,FALSE
0.84,0.01,0,0.15,50.288776,4.4859023,FALSE
0.84,0.01,0.005,0.15,50.288776,4.4859023,FALSE
0.84,0.01,0.01,0.15,60.326702,5.7739315,FALSE
0.84,0.01,0.015,0.15,60.326702,5.7739315,FALSE
0.84,0.01,0.02,0.15,62.498055,8.6565485,FALSE
0.84,0.01,0.025,0.15,62.498055,8.6565485,FALSE
0.84,0.01,0.03,0.15,59.76242,8.835273,FALSE
0.84,0.01,0.035,0.15,59.76242,8.835273,FALSE
0.84,0.01,0.04,0.15,57.34983,7.3074074,FALSE
0.84,0.01,0.045,0.15,57.34983,7.3074074,FALSE
0.84,0.01,0.05,0.15,55.240704,7.002427,FALSE
0.84,0.01,0.055,0.15,55.240704,7.002427,FALSE
0.84,0.02,0,0.14,50.288776,4.0663753,FALSE
0.84,0.02,0.005,0.14,50.288776,4.0663753,FALSE
0.84,0.02,0.01,0.14,60.326702,5.391493,FALSE
0.84,0.02,0.015,0.14,60.326702,5.391493,FALSE
0.84,0.02,0.02,0.14,62.498055,8.43075,FALSE
0.84,0.02,0.025,0.14,62.498055,8.43075,FALSE
0.84,0.02,0.03,0.14,59.76242,8.7624035,FALSE
0.84,0.02,0.035,0.14,59.76242,8.7624035,FALSE
0.84,0.02,0.04,0.14,57.34983,7.2345395,FALSE
0.84,0.02,0.045,0.14,57.34983,7.2345395,FALSE
0.84,0.02,0.05,0.14,55.240704,6.929559,FALSE
0.84,0.02,0.055,0.14,55.240704,6.929559,FALSE
0.84,0.03,0,0.13,46.865314,4.4075894,FALSE
0.84,0.03,0.005,0.13,46.865314,4.4075894,FALSE
0.84,0.03,0.01,0.13,59.93007,5.678315,FALSE
0.84,0.03,0.015,0.13,59.93007,5.678315,FALSE
0.84,0.03,0.02,0.13,62.620983,8.785696,FALSE
0.84,0.03,0.025,0.13,62.620983,8.785696,FALSE
0.84,0.03,0.03,0.13,59.671688,9.1173525,FALSE
0.84,0.03,0.035,0.13,59.671688,9.1173525,FALSE
0.84,0.03,0.04,0.13,55.975765,7.5894876,FALSE
0.84,0.03,0.045,0.13,55.975765,7.5894876,FALSE
0.84,0.03,0.05,0.13,52.594826,7.2845073,FALSE
0.84,0.03,0.055,0.13,52.594826,7.2845073,FALSE
0.84,0.04,0,0.12,49.053734,4.515569,FALSE
0.84,0.04,0.005,0.12,49.053734,4.515569,FALSE
0.84,0.04,0.01,0.12,60.334274,5.4476666,FALSE
0.84,0.04,0.015,0.12,60.334274,5.4476666,FALSE
0.84,0.04,0.02,0.12,63.06239,8.305323,FALSE
0.84,0.04,0.025,0.12,63.06239,8.305323,FALSE
0.84,0.04,0.03,0.12,60.091633,7.550512,FALSE
0.84,0.04,0.035,0.12,60.091633,7.550512,FALSE
0.84,0.04,0.04,0.12,56.345024,5.6606636,FALSE
0.84,0.04,0.045,0.12,56.345024,5.6606636,FALSE
0.84,0.04,0.05,0.12,52.879204,5.323398,FALSE
0.84,0.04,0.055,0.12,52.879204,5.323398,FALSE
0.84,0.05,0,0.11,47.780746,4.409448,FALSE
0.84,0.05,0.005,0.11,47.780746,4.409448,FALSE
0.84,0.05,0.01,0.11,59.17167,5.273938,FALSE
0.84,0.05,0.015,0.11,59.17167,5.273938,FALSE
0.84,0.05,0.02,0.11,62.059216,8.110716,FALSE
0.84,0.05,0.025,0.11,62.059216,8.110716,FALSE
0.84,0.05,0.03,0.11,59.088448,7.4003835,FALSE
0.84,0.05,0.035,0.11,59.088448,7.4003835,FALSE
0.84,0.05,0.04,0.11,55.22535,5.535204,FALSE
0.84,0.05,0.045,0.11,55.22535,5.535204,FALSE
0.84,0.05,0.05,0.11,51.736794,5.236531,FALSE
0.84,0.05,0.055,0.11,51.736794,5.236531,FALSE
0.84,0.06,0,0.1,47.780746,4.409448,FALSE
0.84,0.06,0.005,0.1,47.780746,4.409448,FALSE
0.84,0.06,0.01,0.1,59.17167,5.273938,FALSE
0.84,0.06,0.015,0.1,59.17167,5.273938,FALSE
0.84,0.06,0.02,0.1,62.059216,8.110716,FALSE
0.84,0.06,0.025,0.1,62.059216,8.110716,FALSE
0.84,0.06,0.03,0.1,59.088448,7.4003835,FALSE
0.84,0.06,0.035,0.1,59.088448,7.4003835,FALSE
0.84,0.06,0.04,0.1,55.22535,5.535204,FALSE
0.84,0.06,0.045,0.1,55.22535,5.535204,FALSE
0.84,0.06,0.05,0.1,51.736794,5.236531,FALSE
0.84,0.06,0.055,0.1,51.736794,5.236531,FALSE
0.84,0.07,0,0.09,48.096493,4.1485333,FALSE
0.84,0.07,0.005,0.09,48.096493,4.1485333,FALSE
0.84,0.07,0.01,0.09,59.596004,4.622226,FALSE
0.84,0.07,0.015,0.09,59.596004,4.622226,FALSE
0.84,0.07,0.02,0.09,62.73699,7.0647593,FALSE
0.84,0.07,0.025,0.09,62.73699,7.0647593,FALSE
0.84,0.07,0.03,0.09,59.56015,7.087932,FALSE
0.84,0.07,0.035,0.09,59.56015,7.087932,FALSE
0.84,0.07,0.04,0.09,55.60648,4.9375806,FALSE
0.84,0.07,0.045,0.09,55.60648,4.9375806,FALSE
0.84,0.07,0.05,0.09,52.144035,4.6202335,FALSE
0.84,0.07,0.055,0.09,52.144035,4.6202335,FALSE
0.84,0.08,0,0.08,58.322433,4.648346,FALSE
0.84,0.08,0.005,0.08,58.322433,4.648346,FALSE
0.84,0.08,0.01,0.08,67.16415,5.095133,FALSE
0.84,0.08,0.015,0.08,67.16415,5.095133,FALSE
0.84,0.08,0.02,0.08,71.19712,7.5376654,FALSE
0.84,0.08,0.025,0.08,71.19712,7.5376654,FALSE
0.84,0.08,0.03,0.08,67.71992,7.5608387,FALSE
0.84,0.08,0.035,0.08,67.71992,7.5608387,FALSE
0.84,0.08,0.04,0.08,62.371826,5.410487,FALSE
0.84,0.08,0.045,0.08,62.371826,5.410487,FALSE
0.84,0.08,0.05,0.08,57.738785,5.093141,FALSE
0.84,0.08,0.055,0.08,57.738785,5.093141,FALSE
0.84,0.09,0,0.07,58.288795,3.8155854,FALSE
0.84,0.09,0.005,0.07,58.288795,3.8155854,FALSE
0.84,0.09,0.01,0.07,67.16415,4.327034,FALSE
0.84,0.09,0.015,0.07,67.16415,4.327034,FALSE
0.84,0.09,0.02,0.07,71.19712,6.6117334,FALSE
0.84,0.09,0.025,0.07,71.19712,6.6117334,FALSE
0.84,0.09,0.03,0.07,67.71992,6.827098,FALSE
0.84,0.09,0.035,0.07,67.71992,6.827098,FALSE
0.84,0.09,0.04,0.07,62.371826,4.7843366,FALSE
0.84,0.09,0.045,0.07,62.371826,4.7843366,FALSE
0.84,0.09,0.05,0.07,57.738785,4.4669905,FALSE
0.84,0.09,0.055,0.07,57.738785,4.4669905,FALSE
0.84,0.1,0,0.06,59.82406,4.144928,FALSE
0.84,0.1,0.005,0.06,59.82406,4.144928,FALSE
0.84,0.1,0.01,0.06,68.01571,4.666011,FALSE
0.84,0.1,0.015,0.06,68.01571,4.666011,FALSE
0.84,0.1,0.02,0.06,71.57397,7.5837708,FALSE
0.84,0.1,0.025,0.06,71.57397,7.5837708,FALSE
0.84,0.1,0.03,0.06,66.861435,7.7424135,FALSE
0.84,0.1,0.035,0.06,66.861435,7.7424135,FALSE
0.84,0.1,0.04,0.06,63.70412,5.544592,FALSE
0.84,0.1,0.045,0.06,63.70412,5.544592,FALSE
0.84,0.1,0.05,0.06,59.5656,5.2184653,FALSE
0.84,0.1,0.055,0.06,59.5656,5.2184653,FALSE
0.84,0.11,0,0.05,59.82406,4.144928,FALSE
0.84,0.11,0.005,0.05,59.82406,4.144928,FALSE
0.84,0.11,0.01,0.05,68.01571,4.666011,FALSE
0.84,0.11,0.015,0.05,68.01571,4.666011,FALSE
0.84,0.11,0.02,0.05,71.57397,7.5837708,FALSE
0.84,0.11,0.025,0.05,71.57397,7.5837708,FALSE
0.84,0.11,0.03,0.05,66.861435,7.7424135,FALSE
0.84,0.11,0.035,0.05,66.861435,7.7424135,FALSE
0.84,0.11,0.04,0.05,63.70412,5.544592,FALSE
0.84,0.11,0.045,0.05,63.70412,5.544592,FALSE
0.84,0.11,0.05,0.05,59.5656,5.2184653,FALSE
0.84,0.11,0.055,0.05,59.5656,5.2184653,FALSE
0.84,0.12,0,0.04,59.82406,4.236564,FALSE
0.84,0.12,0.005,0.04,59.82406,4.236564,FALSE
0.84,0.12,0.01,0.04,68.01571,4.757647,FALSE
0.84,0.12,0.015,0.04,68.01571,4.757647,FALSE
0.84,0.12,0.02,0.04,71.57397,7.6754065,FALSE
0.84,0.12,0.025,0.04,71.57397,7.6754065,FALSE
0.84,0.12,0.03,0.04,66.861435,7.7760983,FALSE
0.84,0.12,0.035,0.04,66.861435,7.7760983,FALSE
0.84,0.12,0.04,0.04,63.70412,5.544592,FALSE
0.84,0.12,0.045,0.04,63.70412,5.544592,FALSE
0.84,0.12,0.05,0.04,59.5656,5.2184653,FALSE
0.84,0.12,0.055,0.04,59.5656,5.2184653,FALSE
0.84,0.13,0,0.03,59.341843,3.754191,FALSE
0.84,0.13,0.005,0.03,59.341843,3.754191,FALSE
0.84,0.13,0.01,0.03,67.76707,4.442806,FALSE
0.84,0.13,0.015,0.03,67.76707,4.442806,FALSE
0.84,0.13,0.02,0.03,71.423775,7.3368134,FALSE
0.84,0.13,0.025,0.03,71.423775,7.3368134,FALSE
0.84,0.13,0.03,0.03,66.75386,7.844455,FALSE
0.84,0.13,0.035,0.03,66.75386,7.844455,FALSE
0.84,0.13,0.04,0.03,63.9379,6.012739,FALSE
0.84,0.13,0.045,0.03,63.9379,6.012739,FALSE
0.84,0.13,0.05,0.03,60.853565,6.039672,FALSE
0.84,0.13,0.055,0.03,60.853565,6.039672,FALSE
0.84,0.14,0,0.02,58.635532,3.899768,FALSE
0.84,0.14,0.005,0.02,58.635532,3.899768,FALSE
0.84,0.14,0.01,0.02,67.06077,4.522205,FALSE
0.84,0.14,0.015,0.02,67.06077,4.522205,FALSE
0.84,0.14,0.02,0.02,70.717476,7.386453,FALSE
0.84,0.14,0.025,0.02,70.717476,7.386453,FALSE
0.84,0.14,0.03,0.02,66.04756,7.8518505,FALSE
0.84,0.14,0.035,0.02,66.04756,7.8518505,FALSE
0.84,0.14,0.04,0.02,63.231544,5.964013,FALSE
0.84,0.14,0.045,0.02,63.231544,5.964013,FALSE
0.84,0.14,0.05,0.02,60.14725,5.990946,FALSE
0.84,0.14,0.055,0.02,60.14725,5.990946,FALSE
0.84,0.15,0,0.01,58.635532,3.899768,FALSE
0.84,0.15,0.005,0.01,58.635532,3.899768,FALSE
0.84,0.15,0.01,0.01,67.06077,4.522205,FALSE
0.84,0.15,0.015,0.01,67.06077,4.522205,FALSE
0.84,0.15,0.02,0.01,70.717476,7.386453,FALSE
0.84,0.15,0.025,0.01,70.717476,7.386453,FALSE
0.84,0.15,0.03,0.01,66.04756,7.8518505,FALSE
0.84,0.15,0.035,0.01,66.04756,7.8518505,FALSE
0.84,0.15,0.04,0.01,63.231544,5.964013,FALSE
0.84,0.15,0.045,0.01,63.231544,5.964013,FALSE
0.84,0.15,0.05,0.01,60.14725,5.990946,FALSE
0.84,0.15,0.055,0.01,60.14725,5.990946,FALSE
0.86,0,0,0.14,58.526257,3.3950696,FALSE
0.86,0,0.005,0.14,58.526257,3.3950696,FALSE
0.86,0,0.01,0.14,66.812874,4.3515472,FALSE
0.86,0,0.015,0.14,66.812874,4.3515472,FALSE
0.86,0,0.02,0.14,67.859695,6.6130342,FALSE
0.86,0,0.025,0.14,67.859695,6.6130342,FALSE
0.86,0,0.03,0.14,67.9635,7.461905,FALSE
0.86,0,0.035,0.14,67.9635,7.461905,FALSE
0.86,0,0.04,0.14,64.2956,6.2798223,FALSE
0.86,0,0.045,0.14,64.2956,6.2798223,FALSE
0.86,0,0.05,0.14,62.431183,6.0018764,FALSE
0.86,0,0.055,0.14,62.431183,6.0018764,FALSE
0.86,0.01,0,0.13,61.33985,3.17956,FALSE
0.86,0.01,0.005,0.13,61.33985,3.17956,FALSE
0.86,0.01,0.01,0.13,70.16775,4.1360373,FALSE
0.86,0.01,0.015,0.13,70.16775,4.1360373,FALSE
0.86,0.01,0.02,0.13,71.48807,6.531421,FALSE
0.86,0.01,0.025,0.13,71.48807,6.531421,FALSE
0.86,0.01,0.03,0.13,71.58281,7.380292,FALSE
0.86,0.01,0.035,0.13,71.58281,7.380292,FALSE
0.86,0.01,0.04,0.13,67.386604,6.1982093,FALSE
0.86,0.01,0.045,0.13,67.386604,6.1982093,FALSE
0.86,0.01,0.05,0.13,65.18385,5.9202633,FALSE
0.86,0.01,0.055,0.13,65.18385,5.9202633,FALSE
0.86,0.02,0,0.12,62.669308,3.2681687,FALSE
0.86,0.02,0.005,0.12,62.669308,3.2681687,FALSE
0.86,0.02,0.01,0.12,70.48843,3.8860178,FALSE
0.86,0.02,0.015,0.12,70.48843,3.8860178,FALSE
0.86,0.02,0.02,0.12,71.8421,6.031673,FALSE
0.86,0.02,0.025,0.12,71.8421,6.031673,FALSE
0.86,0.02,0.03,0.12,71.94359,5.7940755,FALSE
0.86,0.02,0.035,0.12,71.94359,5.7940755,FALSE
0.86,0.02,0.04,0.12,67.69157,4.2500124,FALSE
0.86,0.02,0.045,0.12,67.69157,4.2500124,FALSE
0.86,0.02,0.05,0.12,65.4413,3.9397807,FALSE
0.86,0.02,0.055,0.12,65.4413,3.9397807,FALSE
0.86,0.03,0,0.11,56.624016,3.426122,FALSE
0.86,0.03,0.005,0.11,56.624016,3.426122,FALSE
0.86,0.03,0.01,0.11,66.70913,3.9895792,FALSE
0.86,0.03,0.015,0.11,66.70913,3.9895792,FALSE
0.86,0.03,0.02,0.11,68.25144,6.0694647,FALSE
0.86,0.03,0.025,0.11,68.25144,6.0694647,FALSE
0.86,0.03,0.03,0.11,68.39903,5.831867,FALSE
0.86,0.03,0.035,0.11,68.39903,5.831867,FALSE
0.86,0.03,0.04,0.11,63.328407,4.287804,FALSE
0.86,0.03,0.045,0.11,63.328407,4.287804,FALSE
0.86,0.03,0.05,0.11,60.365425,3.9775724,FALSE
0.86,0.03,0.055,0.11,60.365425,3.9775724,FALSE
0.86,0.04,0,0.1,56.624016,3.426122,FALSE
0.86,0.04,0.005,0.1,56.624016,3.426122,FALSE
0.86,0.04,0.01,0.1,66.70913,3.9895792,FALSE
0.86,0.04,0.015,0.1,66.70913,3.9895792,FALSE
0.86,0.04,0.02,0.1,68.25144,6.0694647,FALSE
0.86,0.04,0.025,0.1,68.25144,6.0694647,FALSE
0.86,0.04,0.03,0.1,68.39903,5.831867,FALSE
0.86,0.04,0.035,0.1,68.39903,5.831867,FALSE
0.86,0.04,0.04,0.1,63.328407,4.287804,FALSE
0.86,0.04,0.045,0.1,63.328407,4.287804,FALSE
0.86,0.04,0.05,0.1,60.365425,3.9775724,FALSE
0.86,0.04,0.055,0.1,60.365425,3.9775724,FALSE
0.86,0.05,0,0.09,55.445698,2.7724476,FALSE
0.86,0.05,0.005,0.09,55.445698,2.7724476,FALSE
0.86,0.05,0.01,0.09,65.72351,2.7143447,FALSE
0.86,0.05,0.015,0.09,65.72351,2.7143447,FALSE
0.86,0.05,0.02,0.09,67.401344,4.0379343,FALSE
0.86,0.05,0.025,0.09,67.401344,4.0379343,FALSE
0.86,0.05,0.03,0.09,67.58771,4.7480054,FALSE
0.86,0.05,0.035,0.09,67.58771,4.7480054,FALSE
0.86,0.05,0.04,0.09,62.40053,3.2378292,FALSE
0.86,0.05,0.045,0.09,62.40053,3.2378292,FALSE
0.86,0.05,0.05,0.09,59.44095,2.9593754,FALSE
0.86,0.05,0.055,0.09,59.44095,2.9593754,FALSE
0.86,0.06,0,0.08,55.445698,2.7724476,FALSE
0.86,0.06,0.005,0.08,55.445698,2.7724476,FALSE
0.86,0.06,0.01,0.08,65.72351,2.7143447,FALSE
0.86,0.06,0.015,0.08,65.72351,2.7143447,FALSE
0.86,0.06,0.02,0.08,67.401344,4.0379343,FALSE
0.86,0.06,0.025,0.08,67.401344,4.0379343,FALSE
0.86,0.06,0.03,0.08,67.58771,4.7480054,FALSE
0.86,0.06,0.035,0.08,67.58771,4.7480054,FALSE
0.86,0.06,0.04,0.08,62.40053,3.2378292,FALSE
0.86,0.06,0.045,0.08,62.40053,3.2378292,FALSE
0.86,0.06,0.05,0.08,59.44095,2.9593754,FALSE
0.86,0.06,0.055,0.08,59.44095,2.9593754,FALSE
0.86,0.07,0,0.07,55.52972,2.293785,FALSE
0.86,0.07,0.005,0.07,55.52972,2.293785,FALSE
0.86,0.07,0.01,0.07,65.84755,2.4634972,FALSE
0.86,0.07,0.015,0.07,65.84755,2.4634972,FALSE
0.86,0.07,0.02,0.07,67.802734,3.9704251,FALSE
0.86,0.07,0.025,0.07,67.802734,3.9704251,FALSE
0.86,0.07,0.03,0.07,67.74423,4.7030053,FALSE
0.86,0.07,0.035,0.07,67.74423,4.7030053,FALSE
0.86,0.07,0.04,0.07,62.466488,3.0060267,FALSE
0.86,0.07,0.045,0.07,62.466488,3.0060267,FALSE
0.86,0.07,0.05,0.07,59.5069,2.715715,FALSE
0.86,0.07,0.055,0.07,59.5069,2.715715,FALSE
0.86,0.08,0,0.06,66.274765,2.7360437,FALSE
0.86,0.08,0.005,0.06,66.274765,2.7360437,FALSE
0.86,0.08,0.01,0.06,73.22739,2.8756394,FALSE
0.86,0.08,0.015,0.06,73.22739,2.8756394,FALSE
0.86,0.08,0.02,0.06,75.445656,4.2577624,FALSE
0.86,0.08,0.025,0.06,75.445656,4.2577624,FALSE
0.86,0.08,0.03,0.06,75.387146,5.0825386,FALSE
0.86,0.08,0.035,0.06,75.387146,5.0825386,FALSE
0.86,0.08,0.04,0.06,69.712425,3.3855598,FALSE
0.86,0.08,0.045,0.06,69.712425,3.3855598,FALSE
0.86,0.08,0.05,0.06,66.372765,3.0952475,FALSE
0.86,0.08,0.055,0.06,66.372765,3.0952475,FALSE
0.86,0.09,0,0.05,66.274765,2.7360437,FALSE
0.86,0.09,0.005,0.05,66.274765,2.7360437,FALSE
0.86,0.09,0.01,0.05,73.22739,2.8756394,FALSE
0.86,0.09,0.015,0.05,73.22739,2.8756394,FALSE
0.86,0.09,0.02,0.05,75.445656,4.2577624,FALSE
0.86,0.09,0.025,0.05,75.445656,4.2577624,FALSE
0.86,0.09,0.03,0.05,75.387146,5.0825386,FALSE
0.86,0.09,0.035,0.05,75.387146,5.0825386,FALSE
0.86,0.09,0.04,0.05,69.712425,3.3855598,FALSE
0.86,0.09,0.045,0.05,69.712425,3.3855598,FALSE
0.86,0.09,0.05,0.05,66.372765,3.0952475,FALSE
0.86,0.09,0.055,0.05,66.372765,3.0952475,FALSE
0.86,0.1,0,0.04,66.00563,3.2450697,FALSE
0.86,0.1,0.005,0.04,66.00563,3.2450697,FALSE
0.86,0.1,0.01,0.04,72.823166,3.3975124,FALSE
0.86,0.1,0.015,0.04,72.823166,3.3975124,FALSE
0.86,0.1,0.02,0.04,75.11958,5.537502,FALSE
0.86,0.1,0.025,0.04,75.11958,5.537502,FALSE
0.86,0.1,0.03,0.04,73.82573,6.155409,FALSE
0.86,0.1,0.035,0.04,73.82573,6.155409,FALSE
0.86,0.1,0.04,0.04,69.331696,4.269687,FALSE
0.86,0.1,0.045,0.04,69.331696,4.269687,FALSE
0.86,0.1,0.05,0.04,65.978004,3.9705958,FALSE
0.86,0.1,0.055,0.04,65.978004,3.9705958,FALSE
0.86,0.11,0,0.03,66.00563,3.2450697,FALSE
0.86,0.11,0.005,0.03,66.00563,3.2450697,FALSE
0.86,0.11,0.01,0.03,72.823166,3.3975124,FALSE
0.86,0.11,0.015,0.03,72.823166,3.3975124,FALSE
0.86,0.11,0.02,0.03,75.11958,5.537502,FALSE
0.86,0.11,0.025,0.03,75.11958,5.537502,FALSE
0.86,0.11,0.03,0.03,73.82573,6.155409,FALSE
0.86,0.11,0.035,0.03,73.82573,6.155409,FALSE
0.86,0.11,0.04,0.03,69.331696,4.269687,FALSE
0.86,0.11,0.045,0.03,69.331696,4.269687,FALSE
0.86,0.11,0.05,0.03,65.978004,3.9705958,FALSE
0.86,0.11,0.055,0.03,65.978004,3.9705958,FALSE
0.86,0.12,0,0.02,66.00563,3.2349288,FALSE
0.86,0.12,0.005,0.02,66.00563,3.2349288,FALSE
0.86,0.12,0.01,0.02,72.823166,3.381578,FALSE
0.86,0.12,0.015,0.02,72.823166,3.381578,FALSE
0.86,0.12,0.02,0.02,75.11958,5.537502,FALSE
0.86,0.12,0.025,0.02,75.11958,5.537502,FALSE
0.86,0.12,0.03,0.02,73.82573,6.155409,FALSE
0.86,0.12,0.035,0.02,73.82573,6.155409,FALSE
0.86,0.12,0.04,0.02,69.331696,4.269687,FALSE
0.86,0.12,0.045,0.02,69.331696,4.269687,FALSE
0.86,0.12,0.05,0.02,65.978004,3.9705958,FALSE
0.86,0.12,0.055,0.02,65.978004,3.9705958,FALSE
0.86,0.13,0,0.01,65.69991,2.7411437,FALSE
0.86,0.13,0.005,0.01,65.69991,2.7411437,FALSE
0.86,0.13,0.01,0.01,72.76767,3.0553236,FALSE
0.86,0.13,0.015,0.01,72.76767,3.0553236,FALSE
0.86,0.13,0.02,0.01,75.130585,5.187495,FALSE
0.86,0.13,0.025,0.01,75.130585,5.187495,FALSE
0.86,0.13,0.04,0.01,69.74788,4.726422,FALSE
0.86,0.13,0.045,0.01,69.74788,4.726422,FALSE
0.86,0.13,0.05,0.01,67.39577,4.7803893,FALSE
0.86,0.13,0.055,0.01,67.39577,4.7803893,FALSE
0.86,0.14,0,0,65.435356,2.895716,FALSE
0.86,0.14,0.005,0,65.435356,2.895716,FALSE
0.86,0.14,0.01,0,72.50311,3.1495106,FALSE
0.86,0.14,0.015,0,72.50311,3.1495106,FALSE
0.86,0.14,0.02,0,74.86603,5.2359886,FALSE
0.86,0.14,0.025,0,74.86603,5.2359886,FALSE
0.86,0.14,0.04,0,69.48332,4.6765485,FALSE
0.86,0.14,0.045,0,69.48332,4.6765485,FALSE
0.86,0.14,0.05,0,67.13121,4.730516,FALSE
0.86,0.14,0.055,0,67.13121,4.730516,FALSE
0.88,0,0,0.12,62.669308,3.2681687,FALSE
0.88,0,0.005,0.12,62.669308,3.2681687,FALSE
0.88,0,0.01,0.12,70.48843,3.8860178,FALSE
0.88,0,0.015,0.12,70.48843,3.8860178,FALSE
0.88,0,0.02,0.12,71.8421,6.031673,FALSE
0.88,0,0.025,0.12,71.8421,6.031673,FALSE
0.88,0,0.03,0.12,71.94359,5.7940755,FALSE
0.88,0,0.035,0.12,71.94359,5.7940755,FALSE
0.88,0,0.04,0.12,67.69157,4.2500124,FALSE
0.88,0,0.045,0.12,67.69157,4.2500124,FALSE
0.88,0,0.05,0.12,65.4413,3.9397807,FALSE
0.88,0,0.055,0.12,65.4413,3.9397807,FALSE
0.88,0.01,0,0.11,62.669308,3.2681687,FALSE
0.88,0.01,0.005,0.11,62.669308,3.2681687,FALSE
0.88,0.01,0.01,0.11,70.48843,3.8860178,FALSE
0.88,0.01,0.015,0.11,70.48843,3.8860178,FALSE
0.88,0.01,0.02,0.11,71.8421,6.031673,FALSE
0.88,0.01,0.025,0.11,71.8421,6.031673,FALSE
0.88,0.01,0.03,0.11,71.94359,5.7940755,FALSE
0.88,0.01,0.035,0.11,71.94359,5.7940755,FALSE
0.88,0.01,0.04,0.11,67.69157,4.2500124,FALSE
0.88,0.01,0.045,0.11,67.69157,4.2500124,FALSE
0.88,0.01,0.05,0.11,65.4413,3.9397807,FALSE
0.88,0.01,0.055,0.11,65.4413,3.9397807,FALSE
0.88,0.02,0,0.1,62.669308,3.2681687,FALSE
0.88,0.02,0.005,0.1,62.669308,3.2681687,FALSE
0.88,0.02,0.01,0.1,70.48843,3.8860178,FALSE
0.88,0.02,0.015,0.1,70.48843,3.8860178,FALSE
0.88,0.02,0.02,0.1,71.8421,6.031673,FALSE
0.88,0.02,0.025,0.1,71.8421,6.031673,FALSE
0.88,0.02,0.03,0.1,71.94359,5.7940755,FALSE
0.88,0.02,0.035,0.1,71.94359,5.7940755,FALSE
0.88,0.02,0.04,0.1,67.69157,4.2500124,FALSE
0.88,0.02,0.045,0.1,67.69157,4.2500124,FALSE
0.88,0.02,0.05,0.1,65.4413,3.9397807,FALSE
0.88,0.02,0.055,0.1,65.4413,3.9397807,FALSE
0.88,0.03,0,0.09,56.718716,2.8794348,FALSE
0.88,0.03,0.005,0.09,56.718716,2.8794348,FALSE
0.88,0.03,0.01,0.09,66.88607,2.8889396,FALSE
0.88,0.03,0.015,0.09,66.88607,2.8889396,FALSE
0.88,0.03,0.02,0.09,68.40452,4.233405,FALSE
0.88,0.03,0.025,0.09,68.40452,4.233405,FALSE
0.88,0.03,0.03,0.09,68.59088,4.898999,FALSE
0.88,0.03,0.035,0.09,68.59088,4.898999,FALSE
0.88,0.03,0.04,0.09,63.520245,3.3641562,FALSE
0.88,0.03,0.045,0.09,63.520245,3.3641562,FALSE
0.88,0.03,0.05,0.09,60.583378,3.0471091,FALSE
0.88,0.03,0.055,0.09,60.583378,3.0471091,FALSE
0.88,0.04,0,0.08,56.718716,2.8794348,FALSE
0.88,0.04,0.005,0.08,56.718716,2.8794348,FALSE
0.88,0.04,0.01,0.08,66.88607,2.8889396,FALSE
0.88,0.04,0.015,0.08,66.88607,2.8889396,FALSE
0.88,0.04,0.02,0.08,68.40452,4.233405,FALSE
0.88,0.04,0.025,0.08,68.40452,4.233405,FALSE
0.88,0.04,0.03,0.08,68.59088,4.898999,FALSE
0.88,0.04,0.035,0.08,68.59088,4.898999,FALSE
0.88,0.04,0.04,0.08,63.520245,3.3641562,FALSE
0.88,0.04,0.045,0.08,63.520245,3.3641562,FALSE
0.88,0.04,0.05,0.08,60.583378,3.0471091,FALSE
0.88,0.04,0.055,0.08,60.583378,3.0471091,FALSE
0.88,0.05,0,0.07,55.431995,2.353633,FALSE
0.88,0.05,0.005,0.07,55.431995,2.353633,FALSE
0.88,0.05,0.01,0.07,65.72351,2.3601897,FALSE
0.88,0.05,0.015,0.07,65.72351,2.3601897,FALSE
0.88,0.05,0.02,0.07,67.401344,3.5259445,FALSE
0.88,0.05,0.025,0.07,67.401344,3.5259445,FALSE
0.88,0.05,0.03,0.07,67.58771,4.4282074,FALSE
0.88,0.05,0.035,0.07,67.58771,4.4282074,FALSE
0.88,0.05,0.04,0.07,62.40053,3.025622,FALSE
0.88,0.05,0.045,0.07,62.40053,3.025622,FALSE
0.88,0.05,0.05,0.07,59.44095,2.747168,FALSE
0.88,0.05,0.055,0.07,59.44095,2.747168,FALSE
0.88,0.06,0,0.06,59.607624,2.265582,FALSE
0.88,0.06,0.005,0.06,59.607624,2.265582,FALSE
0.88,0.06,0.01,0.06,69.057846,2.2689295,FALSE
0.88,0.06,0.015,0.06,69.057846,2.2689295,FALSE
0.88,0.06,0.02,0.06,70.52967,3.3098788,FALSE
0.88,0.06,0.025,0.06,70.52967,3.3098788,FALSE
0.88,0.06,0.03,0.06,70.716034,4.3043375,FALSE
0.88,0.06,0.035,0.06,70.716034,4.3043375,FALSE
0.88,0.06,0.04,0.06,65.920265,2.901752,FALSE
0.88,0.06,0.045,0.06,65.920265,2.901752,FALSE
0.88,0.06,0.05,0.06,63.04835,2.6232982,FALSE
0.88,0.06,0.055,0.06,63.04835,2.6232982,FALSE
0.88,0.07,0,0.05,59.609158,2.2057343,FALSE
0.88,0.07,0.005,0.05,59.609158,2.2057343,FALSE
0.88,0.07,0.01,0.05,69.181885,2.372237,FALSE
0.88,0.07,0.015,0.05,69.181885,2.372237,FALSE
0.88,0.07,0.02,0.05,70.931076,3.7543595,FALSE
0.88,0.07,0.025,0.05,70.931076,3.7543595,FALSE
0.88,0.07,0.03,0.05,70.872574,4.5791354,FALSE
0.88,0.07,0.035,0.05,70.872574,4.5791354,FALSE
0.88,0.07,0.04,0.05,65.98621,2.8821564,FALSE
0.88,0.07,0.045,0.05,65.98621,2.8821564,FALSE
0.88,0.07,0.05,0.05,63.11431,2.5918446,FALSE
0.88,0.07,0.055,0.05,63.11431,2.5918446,FALSE
0.88,0.08,0,0.04,66.274765,2.82768,FALSE
0.88,0.08,0.005,0.04,66.274765,2.82768,FALSE
0.88,0.08,0.01,0.04,73.22739,2.967276,FALSE
0.88,0.08,0.015,0.04,73.22739,2.967276,FALSE
0.88,0.08,0.02,0.04,75.445656,4.3493996,FALSE
0.88,0.08,0.025,0.04,75.445656,4.3493996,FALSE
0.88,0.08,0.03,0.04,75.387146,5.1162233,FALSE
0.88,0.08,0.035,0.04,75.387146,5.1162233,FALSE
0.88,0.08,0.04,0.04,69.712425,3.3855598,FALSE
0.88,0.08,0.045,0.04,69.712425,3.3855598,FALSE
0.88,0.08,0.05,0.04,66.372765,3.0952475,FALSE
0.88,0.08,0.055,0.04,66.372765,3.0952475,FALSE
0.88,0.09,0,0.03,66.274765,2.82768,FALSE
0.88,0.09,0.005,0.03,66.274765,2.82768,FALSE
0.88,0.09,0.01,0.03,73.22739,2.967276,FALSE
0.88,0.09,0.015,0.03,73.22739,2.967276,FALSE
0.88,0.09,0.02,0.03,75.445656,4.3493996,FALSE
0.88,0.09,0.025,0.03,75.445656,4.3493996,FALSE
0.88,0.09,0.03,0.03,75.387146,5.1162233,FALSE
0.88,0.09,0.035,0.03,75.387146,5.1162233,FALSE
0.88,0.09,0.04,0.03,69.712425,3.3855598,FALSE
0.88,0.09,0.045,0.03,69.712425,3.3855598,FALSE
0.88,0.09,0.05,0.03,66.372765,3.0952475,FALSE
0.88,0.09,0.055,0.03,66.372765,3.0952475,FALSE
0.88,0.1,0,0.02,66.00563,3.2349288,FALSE
0.88,0.1,0.005,0.02,66.00563,3.2349288,FALSE
0.88,0.1,0.01,0.02,72.823166,3.381578,FALSE
0.88,0.1,0.015,0.02,72.823166,3.381578,FALSE
0.88,0.1,0.02,0.02,75.11958,5.537502,FALSE
0.88,0.1,0.025,0.02,75.11958,5.537502,FALSE
0.88,0.1,0.03,0.02,73.82573,6.155409,FALSE
0.88,0.1,0.035,0.02,73.82573,6.155409,FALSE
0.88,0.1,0.04,0.02,69.331696,4.269687,FALSE
0.88,0.1,0.045,0.02,69.331696,4.269687,FALSE
0.88,0.1,0.05,0.02,65.978004,3.9705958,FALSE
0.88,0.1,0.055,0.02,65.978004,3.9705958,FALSE
0.88,0.11,0,0.01,66.00563,3.2349288,FALSE
0.88,0.11,0.005,0.01,66.00563,3.2349288,FALSE
0.88,0.11,0.01,0.01,72.823166,3.381578,FALSE
0.88,0.11,0.015,0.01,72.823166,3.381578,FALSE
0.88,0.11,0.02,0.01,75.11958,5.537502,FALSE
0.88,0.11,0.025,0.01,75.11958,5.537502,FALSE
0.88,0.11,0.03,0.01,73.82573,6.155409,FALSE
0.88,0.11,0.035,0.01,73.82573,6.155409,FALSE
0.88,0.11,0.04,0.01,69.331696,4.269687,FALSE
0.88,0.11,0.045,0.01,69.331696,4.269687,FALSE
0.88,0.11,0.05,0.01,65.978004,3.9705958,FALSE
0.88,0.11,0.055,0.01,65.978004,3.9705958,FALSE
0.88,0.12,0,0,66.00563,3.2349288,FALSE
0.88,0.12,0.005,0,66.00563,3.2349288,FALSE
0.88,0.12,0.01,0,72.823166,3.381578,FALSE
0.88,0.12,0.015,0,72.823166,3.381578,FALSE
0.88,0.12,0.02,0,75.11958,5.537502,FALSE
0.88,0.12,0.025,0,75.11958,5.537502,FALSE
0.88,0.12,0.03,0,73.82573,6.155409,FALSE
0.88,0.12,0.035,0,73.82573,6.155409,FALSE
0.88,0.12,0.04,0,69.331696,4.269687,FALSE
0.88,0.12,0.045,0,69.331696,4.269687,FALSE
0.88,0.12,0.05,0,65.978004,3.9705958,FALSE
0.88,0.12,0.055,0,65.978004,3.9705958,FALSE
0.9,0,0,0.1,72.960724,3.2311246,FALSE
0.9,0,0.005,0.1,72.960724,3.2311246,FALSE
0.9,0,0.01,0.1,78.70226,3.8442633,FALSE
0.9,0,0.015,0.1,78.70226,3.8442633,FALSE
0.9,0,0.04,0.1,76.73606,4.16178,FALSE
0.9,0,0.045,0.1,76.73606,4.16178,FALSE
0.9,0,0.05,0.1,75.090454,3.851549,FALSE
0.9,0,0.055,0.1,75.090454,3.851549,FALSE
0.9,0.01,0,0.09,73.2128,2.6812098,FALSE
0.9,0.01,0.005,0.09,73.2128,2.6812098,FALSE
0.9,0.01,0.01,0.09,79.02436,2.7403955,FALSE
0.9,0.01,0.015,0.09,79.02436,2.7403955,FALSE
0.9,0.01,0.02,0.09,79.51282,3.8464751,FALSE
0.9,0.01,0.025,0.09,79.51282,3.8464751,FALSE
0.9,0.01,0.04,0.09,77.07305,3.2349048,FALSE
0.9,0.01,0.045,0.09,77.07305,3.2349048,FALSE
0.9,0.01,0.05,0.09,75.45357,2.9178581,FALSE
0.9,0.01,0.055,0.09,75.45357,2.9178581,FALSE
0.9,0.0125,0,0.0875,73.2128,2.6812098,FALSE
0.9,0.0125,0.005,0.0875,73.2128,2.6812098,FALSE
0.9,0.0125,0.01,0.0875,79.02436,2.7403955,FALSE
0.9,0.0125,0.015,0.0875,79.02436,2.7403955,FALSE
0.9,0.0125,0.02,0.0875,79.51282,3.8464751,FALSE
0.9,0.0125,0.025,0.0875,79.51282,3.8464751,FALSE
0.9,0.0125,0.04,0.0875,77.07305,3.2349048,FALSE
0.9,0.0125,0.045,0.0875,77.07305,3.2349048,FALSE
0.9,0.0125,0.05,0.0875,75.45357,2.9178581,FALSE
0.9,0.0125,0.055,0.0875,75.45357,2.9178581,FALSE
0.9,0.02,0,0.08,73.2128,2.6812098,FALSE
0.9,0.02,0.005,0.08,73.2128,2.6812098,FALSE
0.9,0.02,0.01,0.08,79.02436,2.7403955,FALSE
0.9,0.02,0.015,0.08,79.02436,2.7403955,FALSE
0.9,0.02,0.02,0.08,79.51282,3.8464751,FALSE
0.9,0.02,0.025,0.08,79.51282,3.8464751,FALSE
0.9,0.02,0.04,0.08,77.07305,3.2349048,FALSE
0.9,0.02,0.045,0.08,77.07305,3.2349048,FALSE
0.9,0.02,0.05,0.08,75.45357,2.9178581,FALSE
0.9,0.02,0.055,0.08,75.45357,2.9178581,FALSE
0.9,0.025,0,0.075,67.01006,2.8423908,FALSE
0.9,0.025,0.005,0.075,67.01006,2.8423908,FALSE
0.9,0.025,0.01,0.075,75.09992,2.8471851,FALSE
0.9,0.025,0.015,0.075,75.09992,2.8471851,FALSE
0.9,0.025,0.02,0.075,75.777,3.8874936,FALSE
0.9,0.025,0.025,0.075,75.777,3.8874936,FALSE
0.9,0.025,0.03,0.075,75.96336,4.55309,FALSE
0.9,0.025,0.035,0.075,75.96336,4.55309,FALSE
0.9,0.025,0.04,0.075,72.564766,3.2759233,FALSE
0.9,0.025,0.045,0.075,72.564766,3.2759233,FALSE
0.9,0.025,0.05,0.075,70.232475,2.9588766,FALSE
0.9,0.025,0.055,0.075,70.232475,2.9588766,FALSE
0.9,0.03,0,0.07,67.01006,2.423576,FALSE
0.9,0.03,0.005,0.07,67.01006,2.423576,FALSE
0.9,0.03,0.01,0.07,75.09992,2.49303,FALSE
0.9,0.03,0.015,0.07,75.09992,2.49303,FALSE
0.9,0.03,0.02,0.07,75.777,3.375506,FALSE
0.9,0.03,0.025,0.07,75.777,3.375506,FALSE
0.9,0.03,0.03,0.07,75.96336,4.2332926,FALSE
0.9,0.03,0.035,0.07,75.96336,4.2332926,FALSE
0.9,0.03,0.04,0.07,72.564766,3.0637155,FALSE
0.9,0.03,0.045,0.07,72.564766,3.0637155,FALSE
0.9,0.03,0.05,0.07,70.232475,2.7466688,FALSE
0.9,0.03,0.055,0.07,70.232475,2.7466688,FALSE
0.9,0.0375,0,0.0625,71.18563,2.3355253,FALSE
0.9,0.0375,0.005,0.0625,71.18563,2.3355253,FALSE
0.9,0.0375,0.01,0.0625,78.43427,2.40177,FALSE
0.9,0.0375,0.015,0.0625,78.43427,2.40177,FALSE
0.9,0.0375,0.02,0.0625,78.90534,3.15944,FALSE
0.9,0.0375,0.025,0.0625,78.90534,3.15944,FALSE
0.9,0.0375,0.03,0.0625,79.091705,4.1094227,FALSE
0.9,0.0375,0.035,0.0625,79.091705,4.1094227,FALSE
0.9,0.0375,0.04,0.0625,76.08445,2.9398456,FALSE
0.9,0.0375,0.045,0.0625,76.08445,2.9398456,FALSE
0.9,0.0375,0.05,0.0625,73.8399,2.622799,FALSE
0.9,0.0375,0.055,0.0625,73.8399,2.622799,FALSE
0.9,0.04,0,0.06,71.18563,2.3355253,FALSE
0.9,0.04,0.005,0.06,71.18563,2.3355253,FALSE
0.9,0.04,0.01,0.06,78.43427,2.40177,FALSE
0.9,0.04,0.015,0.06,78.43427,2.40177,FALSE
0.9,0.04,0.02,0.06,78.90534,3.15944,FALSE
0.9,0.04,0.025,0.06,78.90534,3.15944,FALSE
0.9,0.04,0.03,0.06,79.091705,4.1094227,FALSE
0.9,0.04,0.035,0.06,79.091705,4.1094227,FALSE
0.9,0.04,0.04,0.06,76.08445,2.9398456,FALSE
0.9,0.04,0.045,0.06,76.08445,2.9398456,FALSE
0.9,0.04,0.05,0.06,73.8399,2.622799,FALSE
0.9,0.04,0.055,0.06,73.8399,2.622799,FALSE
0.9,0.05,0,0.05,69.91265,2.228538,FALSE
0.9,0.05,0.005,0.05,69.91265,2.228538,FALSE
0.9,0.05,0.01,0.05,77.27168,2.2271748,FALSE
0.9,0.05,0.015,0.05,77.27168,2.2271748,FALSE
0.9,0.05,0.02,0.05,77.90218,2.963969,FALSE
0.9,0.05,0.025,0.05,77.90218,2.963969,FALSE
0.9,0.05,0.03,0.05,78.08855,3.9584274,FALSE
0.9,0.05,0.035,0.05,78.08855,3.9584274,FALSE
0.9,0.05,0.04,0.05,74.964775,2.813519,FALSE
0.9,0.05,0.045,0.05,74.964775,2.813519,FALSE
0.9,0.05,0.05,0.05,72.69749,2.5350652,FALSE
0.9,0.05,0.055,0.05,72.69749,2.5350652,FALSE
0.9,0.06,0,0.04,69.91265,2.3201745,FALSE
0.9,0.06,0.005,0.04,69.91265,2.3201745,FALSE
0.9,0.06,0.01,0.04,77.27168,2.3188112,FALSE
0.9,0.06,0.015,0.04,77.27168,2.3188112,FALSE
0.9,0.06,0.02,0.04,77.90218,3.0556054,FALSE
0.9,0.06,0.025,0.04,77.90218,3.0556054,FALSE
0.9,0.06,0.03,0.04,78.08855,3.9921124,FALSE
0.9,0.06,0.035,0.04,78.08855,3.9921124,FALSE
0.9,0.06,0.04,0.04,74.964775,2.813519,FALSE
0.9,0.06,0.045,0.04,74.964775,2.813519,FALSE
0.9,0.06,0.05,0.04,72.69749,2.5350652,FALSE
0.9,0.06,0.055,0.04,72.69749,2.5350652,FALSE
0.9,0.0625,0,0.0375,69.91265,2.3201745,FALSE
0.9,0.0625,0.005,0.0375,69.91265,2.3201745,FALSE
0.9,0.0625,0.01,0.0375,77.27168,2.3188112,FALSE
0.9,0.0625,0.015,0.0375,77.27168,2.3188112,FALSE
0.9,0.0625,0.02,0.0375,77.90218,3.0556054,FALSE
0.9,0.0625,0.025,0.0375,77.90218,3.0556054,FALSE
0.9,0.0625,0.03,0.0375,78.08855,3.9921124,FALSE
0.9,0.0625,0.035,0.0375,78.08855,3.9921124,FALSE
0.9,0.0625,0.04,0.0375,74.964775,2.813519,FALSE
0.9,0.0625,0.045,0.0375,74.964775,2.813519,FALSE
0.9,0.0625,0.05,0.0375,72.69749,2.5350652,FALSE
0.9,0.0625,0.055,0.0375,72.69749,2.5350652,FALSE
0.9,0.07,0,0.03,69.73316,2.2603266,FALSE
0.9,0.07,0.005,0.03,69.73316,2.2603266,FALSE
0.9,0.07,0.01,0.03,77.24841,2.4221184,FALSE
0.9,0.07,0.015,0.03,77.24841,2.4221184,FALSE
0.9,0.07,0.02,0.03,78.156265,3.5000863,FALSE
0.9,0.07,0.025,0.03,78.156265,3.5000863,FALSE
0.9,0.07,0.03,0.03,78.09776,4.266911,FALSE
0.9,0.07,0.035,0.03,78.09776,4.266911,FALSE
0.9,0.07,0.04,0.03,74.88343,2.7939234,FALSE
0.9,0.07,0.045,0.03,74.88343,2.7939234,FALSE
0.9,0.07,0.05,0.03,72.61614,2.5036116,FALSE
0.9,0.07,0.055,0.03,72.61614,2.5036116,FALSE
0.9,0.075,0,0.025,72.91631,2.790636,FALSE
0.9,0.075,0.005,0.025,72.91631,2.790636,FALSE
0.9,0.075,0.01,0.025,77.772766,2.9255211,FALSE
0.9,0.075,0.015,0.025,77.772766,2.9255211,FALSE
0.9,0.075,0.02,0.025,78.79082,4.003489,FALSE
0.9,0.075,0.025,0.025,78.79082,4.003489,FALSE
0.9,0.075,0.03,0.025,78.732315,4.7703147,FALSE
0.9,0.075,0.035,0.025,78.732315,4.7703147,FALSE
0.9,0.075,0.04,0.025,75.32307,3.2973268,FALSE
0.9,0.075,0.045,0.025,75.32307,3.2973268,FALSE
0.9,0.075,0.05,0.025,72.99648,3.007015,FALSE
0.9,0.075,0.055,0.025,72.99648,3.007015,FALSE
0.9,0.08,0,0.02,72.91631,2.7804952,FALSE
0.9,0.08,0.005,0.02,72.91631,2.7804952,FALSE
0.9,0.08,0.01,0.02,77.772766,2.909587,FALSE
0.9,0.08,0.015,0.02,77.772766,2.909587,FALSE
0.9,0.08,0.02,0.02,78.79082,4.003489,FALSE
0.9,0.08,0.025,0.02,78.79082,4.003489,FALSE
0.9,0.08,0.03,0.02,78.732315,4.7703147,FALSE
0.9,0.08,0.035,0.02,78.732315,4.7703147,FALSE
0.9,0.08,0.04,0.02,75.32307,3.2973268,FALSE
0.9,0.08,0.045,0.02,75.32307,3.2973268,FALSE
0.9,0.08,0.05,0.02,72.99648,3.007015,FALSE
0.9,0.08,0.055,0.02,72.99648,3.007015,FALSE
0.9,0.0875,0,0.0125,72.91631,2.7804952,FALSE
0.9,0.0875,0.005,0.0125,72.91631,2.7804952,FALSE
0.9,0.0875,0.01,0.0125,77.772766,2.909587,FALSE
0.9,0.0875,0.015,0.0125,77.772766,2.909587,FALSE
0.9,0.0875,0.02,0.0125,78.79082,4.003489,FALSE
0.9,0.0875,0.025,0.0125,78.79082,4.003489,FALSE
0.9,0.0875,0.03,0.0125,78.732315,4.7703147,FALSE
0.9,0.0875,0.035,0.0125,78.732315,4.7703147,FALSE
0.9,0.0875,0.04,0.0125,75.32307,3.2973268,FALSE
0.9,0.0875,0.045,0.0125,75.32307,3.2973268,FALSE
0.9,0.0875,0.05,0.0125,72.99648,3.007015,FALSE
0.9,0.0875,0.055,0.0125,72.99648,3.007015,FALSE
0.9,0.09,0,0.01,72.91631,2.7804952,FALSE
0.9,0.09,0.005,0.01,72.91631,2.7804952,FALSE
0.9,0.09,0.01,0.01,77.772766,2.909587,FALSE
0.9,0.09,0.015,0.01,77.772766,2.909587,FALSE
0.9,0.09,0.02,0.01,78.79082,4.003489,FALSE
0.9,0.09,0.025,0.01,78.79082,4.003489,FALSE
0.9,0.09,0.03,0.01,78.732315,4.7703147,FALSE
0.9,0.09,0.035,0.01,78.732315,4.7703147,FALSE
0.9,0.09,0.04,0.01,75.32307,3.2973268,FALSE
0.9,0.09,0.045,0.01,75.32307,3.2973268,FALSE
0.9,0.09,0.05,0.01,72.99648,3.007015,FALSE
0.9,0.09,0.055,0.01,72.99648,3.007015,FALSE
0.9,0.1,0,0,72.64718,3.2111676,FALSE
0.9,0.1,0.005,0,72.64718,3.2111676,FALSE
0.9,0.1,0.01,0,77.368546,3.3531058,FALSE
0.9,0.1,0.015,0,77.368546,3.3531058,FALSE
0.9,0.1,0.02,0,78.464745,5.2048764,FALSE
0.9,0.1,0.025,0,78.464745,5.2048764,FALSE
0.9,0.1,0.04,0,74.94232,4.194738,FALSE
0.9,0.1,0.045,0,74.94232,4.194738,FALSE
0.9,0.1,0.05,0,72.60172,3.8956447,FALSE
0.9,0.1,0.055,0,72.60172,3.8956447,FALSE
0.92,0,0,0.08,73.2128,2.6812098,FALSE
0.92,0,0.005,0.08,73.2128,2.6812098,FALSE
0.92,0,0.01,0.08,79.02436,2.7403955,FALSE
0.92,0,0.015,0.08,79.02436,2.7403955,FALSE
0.92,0,0.02,0.08,79.51282,3.8464751,FALSE
0.92,0,0.025,0.08,79.51282,3.8464751,FALSE
0.92,0,0.04,0.08,77.07305,3.2349048,FALSE
0.92,0,0.045,0.08,77.07305,3.2349048,FALSE
0.92,0,0.05,0.08,75.45357,2.9178581,FALSE
0.92,0,0.055,0.08,75.45357,2.9178581,FALSE
0.92,0.01,0,0.07,73.2128,2.2623951,FALSE
0.92,0.01,0.005,0.07,73.2128,2.2623951,FALSE
0.92,0.01,0.01,0.07,79.02436,2.386241,FALSE
0.92,0.01,0.015,0.07,79.02436,2.386241,FALSE
0.92,0.01,0.02,0.07,79.51282,3.3344874,FALSE
0.92,0.01,0.025,0.07,79.51282,3.3344874,FALSE
0.92,0.01,0.03,0.07,79.653076,4.192273,FALSE
0.92,0.01,0.035,0.07,79.653076,4.192273,FALSE
0.92,0.01,0.04,0.07,77.07305,3.022697,FALSE
0.92,0.01,0.045,0.07,77.07305,3.022697,FALSE
0.92,0.01,0.05,0.07,75.45357,2.7056503,FALSE
0.92,0.01,0.055,0.07,75.45357,2.7056503,FALSE
0.92,0.02,0,0.06,79.46623,2.1743438,FALSE
0.92,0.02,0.005,0.06,79.46623,2.1743438,FALSE
0.92,0.02,0.01,0.06,84.43656,2.2949805,FALSE
0.92,0.02,0.015,0.06,84.43656,2.2949805,FALSE
0.92,0.02,0.02,0.06,84.71901,3.1184216,FALSE
0.92,0.02,0.025,0.06,84.71901,3.1184216,FALSE
0.92,0.02,0.03,0.06,84.85925,4.0684032,FALSE
0.92,0.02,0.035,0.06,84.85925,4.0684032,FALSE
0.92,0.02,0.04,0.06,82.6706,2.898827,FALSE
0.92,0.02,0.045,0.06,82.6706,2.898827,FALSE
0.92,0.02,0.05,0.06,81.13884,2.5817804,FALSE
0.92,0.02,0.055,0.06,81.13884,2.5817804,FALSE
0.92,0.03,0,0.05,71.18563,2.3355253,FALSE
0.92,0.03,0.005,0.05,71.18563,2.3355253,FALSE
0.92,0.03,0.01,0.05,78.43427,2.40177,FALSE
0.92,0.03,0.015,0.05,78.43427,2.40177,FALSE
0.92,0.03,0.02,0.05,78.90534,3.15944,FALSE
0.92,0.03,0.025,0.05,78.90534,3.15944,FALSE
0.92,0.03,0.03,0.05,79.091705,4.1094227,FALSE
0.92,0.03,0.035,0.05,79.091705,4.1094227,FALSE
0.92,0.03,0.04,0.05,76.08445,2.9398456,FALSE
0.92,0.03,0.045,0.05,76.08445,2.9398456,FALSE
0.92,0.03,0.05,0.05,73.8399,2.622799,FALSE
0.92,0.03,0.055,0.05,73.8399,2.622799,FALSE
0.92,0.04,0,0.04,71.18563,2.4271617,FALSE
0.92,0.04,0.005,0.04,71.18563,2.4271617,FALSE
0.92,0.04,0.01,0.04,78.43427,2.4934065,FALSE
0.92,0.04,0.015,0.04,78.43427,2.4934065,FALSE
0.92,0.04,0.02,0.04,78.90534,3.2510765,FALSE
0.92,0.04,0.025,0.04,78.90534,3.2510765,FALSE
0.92,0.04,0.03,0.04,79.091705,4.1431074,FALSE
0.92,0.04,0.035,0.04,79.091705,4.1431074,FALSE
0.92,0.04,0.04,0.04,76.08445,2.9398456,FALSE
0.92,0.04,0.045,0.04,76.08445,2.9398456,FALSE
0.92,0.04,0.05,0.04,73.8399,2.622799,FALSE
0.92,0.04,0.055,0.04,73.8399,2.622799,FALSE
0.92,0.05,0,0.03,69.91265,2.3201745,FALSE
0.92,0.05,0.005,0.03,69.91265,2.3201745,FALSE
0.92,0.05,0.01,0.03,77.27168,2.3188112,FALSE
0.92,0.05,0.015,0.03,77.27168,2.3188112,FALSE
0.92,0.05,0.02,0.03,77.90218,3.0556054,FALSE
0.92,0.05,0.025,0.03,77.90218,3.0556054,FALSE
0.92,0.05,0.03,0.03,78.08855,3.9921124,FALSE
0.92,0.05,0.035,0.03,78.08855,3.9921124,FALSE
0.92,0.05,0.04,0.03,74.964775,2.813519,FALSE
0.92,0.05,0.045,0.03,74.964775,2.813519,FALSE
0.92,0.05,0.05,0.03,72.69749,2.5350652,FALSE
0.92,0.05,0.055,0.03,72.69749,2.5350652,FALSE
0.92,0.06,0,0.02,69.91265,2.3100336,FALSE
0.92,0.06,0.005,0.02,69.91265,2.3100336,FALSE
0.92,0.06,0.01,0.02,77.27168,2.302877,FALSE
0.92,0.06,0.015,0.02,77.27168,2.302877,FALSE
0.92,0.06,0.02,0.02,77.90218,3.0556054,FALSE
0.92,0.06,0.025,0.02,77.90218,3.0556054,FALSE
0.92,0.06,0.03,0.02,78.08855,3.9921124,FALSE
0.92,0.06,0.035,0.02,78.08855,3.9921124,FALSE
0.92,0.06,0.04,0.02,74.964775,2.813519,FALSE
0.92,0.06,0.045,0.02,74.964775,2.813519,FALSE
0.92,0.06,0.05,0.02,72.69749,2.5350652,FALSE
0.92,0.06,0.055,0.02,72.69749,2.5350652,FALSE
0.92,0.07,0,0.01,69.73316,2.2501857,FALSE
0.92,0.07,0.005,0.01,69.73316,2.2501857,FALSE
0.92,0.07,0.01,0.01,77.24841,2.4061842,FALSE
0.92,0.07,0.015,0.01,77.24841,2.4061842,FALSE
0.92,0.07,0.02,0.01,78.156265,3.5000863,FALSE
0.92,0.07,0.025,0.01,78.156265,3.5000863,FALSE
0.92,0.07,0.03,0.01,78.09776,4.266911,FALSE
0.92,0.07,0.035,0.01,78.09776,4.266911,FALSE
0.92,0.07,0.04,0.01,74.88343,2.7939234,FALSE
0.92,0.07,0.045,0.01,74.88343,2.7939234,FALSE
0.92,0.07,0.05,0.01,72.61614,2.5036116,FALSE
0.92,0.07,0.055,0.01,72.61614,2.5036116,FALSE
0.92,0.08,0,0,72.91631,2.7804952,FALSE
0.92,0.08,0.005,0,72.91631,2.7804952,FALSE
0.92,0.08,0.01,0,77.772766,2.909587,FALSE
0.92,0.08,0.015,0,77.772766,2.909587,FALSE
0.92,0.08,0.02,0,78.79082,4.003489,FALSE
0.92,0.08,0.025,0,78.79082,4.003489,FALSE
0.92,0.08,0.03,0,78.732315,4.7703147,FALSE
0.92,0.08,0.035,0,78.732315,4.7703147,FALSE
0.92,0.08,0.04,0,75.32307,3.2973268,FALSE
0.92,0.08,0.045,0,75.32307,3.2973268,FALSE
0.92,0.08,0.05,0,72.99648,3.007015,FALSE
0.92,0.08,0.055,0,72.99648,3.007015,FALSE
0.94,0,0,0.06,79.46623,2.1743438,FALSE
0.94,0,0.005,0.06,79.46623,2.1743438,FALSE
0.94,0,0.01,0.06,84.43656,2.2949805,FALSE
0.94,0,0.015,0.06,84.43656,2.2949805,FALSE
0.94,0,0.02,0.06,84.71901,3.1184216,FALSE
0.94,0,0.025,0.06,84.71901,3.1184216,FALSE
0.94,0,0.03,0.06,84.85925,4.0684032,FALSE
0.94,0,0.035,0.06,84.85925,4.0684032,FALSE
0.94,0,0.04,0.06,82.6706,2.898827,FALSE
0.94,0,0.045,0.06,82.6706,2.898827,FALSE
0.94,0,0.05,0.06,81.13884,2.5817804,FALSE
0.94,0,0.055,0.06,81.13884,2.5817804,FALSE
0.94,0.01,0,0.05,79.46623,2.1743438,FALSE
0.94,0.01,0.005,0.05,79.46623,2.1743438,FALSE
0.94,0.01,0.01,0.05,84.43656,2.2949805,FALSE
0.94,0.01,0.015,0.05,84.43656,2.2949805,FALSE
0.94,0.01,0.02,0.05,84.71901,3.1184216,FALSE
0.94,0.01,0.025,0.05,84.71901,3.1184216,FALSE
0.94,0.01,0.03,0.05,84.85925,4.0684032,FALSE
0.94,0.01,0.035,0.05,84.85925,4.0684032,FALSE
0.94,0.01,0.04,0.05,82.6706,2.898827,FALSE
0.94,0.01,0.045,0.05,82.6706,2.898827,FALSE
0.94,0.01,0.05,0.05,81.13884,2.5817804,FALSE
0.94,0.01,0.055,0.05,81.13884,2.5817804,FALSE
0.94,0.02,0,0.04,79.46623,2.2659807,FALSE
0.94,0.02,0.005,0.04,79.46623,2.2659807,FALSE
0.94,0.02,0.01,0.04,84.43656,2.386617,FALSE
0.94,0.02,0.015,0.04,84.43656,2.386617,FALSE
0.94,0.02,0.02,0.04,84.71901,3.210058,FALSE
0.94,0.02,0.025,0.04,84.71901,3.210058,FALSE
0.94,0.02,0.03,0.04,84.85925,4.102088,FALSE
0.94,0.02,0.035,0.04,84.85925,4.102088,FALSE
0.94,0.02,0.04,0.04,82.6706,2.898827,FALSE
0.94,0.02,0.045,0.04,82.6706,2.898827,FALSE
0.94,0.02,0.05,0.04,81.13884,2.5817804,FALSE
0.94,0.02,0.055,0.04,81.13884,2.5817804,FALSE
0.94,0.03,0,0.03,71.18563,2.4271617,FALSE
0.94,0.03,0.005,0.03,71.18563,2.4271617,FALSE
0.94,0.03,0.01,0.03,78.43427,2.4934065,FALSE
0.94,0.03,0.015,0.03,78.43427,2.4934065,FALSE
0.94,0.03,0.02,0.03,78.90534,3.2510765,FALSE
0.94,0.03,0.025,0.03,78.90534,3.2510765,FALSE
0.94,0.03,0.03,0.03,79.091705,4.1431074,FALSE
0.94,0.03,0.035,0.03,79.091705,4.1431074,FALSE
0.94,0.03,0.04,0.03,76.08445,2.9398456,FALSE
0.94,0.03,0.045,0.03,76.08445,2.9398456,FALSE
0.94,0.03,0.05,0.03,73.8399,2.622799,FALSE
0.94,0.03,0.055,0.03,73.8399,2.622799,FALSE
0.94,0.04,0,0.02,71.18563,2.4170203,FALSE
0.94,0.04,0.005,0.02,71.18563,2.4170203,FALSE
0.94,0.04,0.01,0.02,78.43427,2.4774718,FALSE
0.94,0.04,0.015,0.02,78.43427,2.4774718,FALSE
0.94,0.04,0.02,0.02,78.90534,3.2510765,FALSE
0.94,0.04,0.025,0.02,78.90534,3.2510765,FALSE
0.94,0.04,0.03,0.02,79.091705,4.1431074,FALSE
0.94,0.04,0.035,0.02,79.091705,4.1431074,FALSE
0.94,0.04,0.04,0.02,76.08445,2.9398456,FALSE
0.94,0.04,0.045,0.02,76.08445,2.9398456,FALSE
0.94,0.04,0.05,0.02,73.8399,2.622799,FALSE
0.94,0.04,0.055,0.02,73.8399,2.622799,FALSE
0.94,0.05,0,0.01,69.91265,2.3100336,FALSE
0.94,0.05,0.005,0.01,69.91265,2.3100336,FALSE
0.94,0.05,0.01,0.01,77.27168,2.302877,FALSE
0.94,0.05,0.015,0.01,77.27168,2.302877,FALSE
0.94,0.05,0.02,0.01,77.90218,3.0556054,FALSE
0.94,0.05,0.025,0.01,77.90218,3.0556054,FALSE
0.94,0.05,0.03,0.01,78.08855,3.9921124,FALSE
0.94,0.05,0.035,0.01,78.08855,3.9921124,FALSE
0.94,0.05,0.04,0.01,74.964775,2.813519,FALSE
0.94,0.05,0.045,0.01,74.964775,2.813519,FALSE
0.94,0.05,0.05,0.01,72.69749,2.5350652,FALSE
0.94,0.05,0.055,0.01,72.69749,2.5350652,FALSE
0.94,0.06,0,0,69.91265,2.3100336,FALSE
0.94,0.06,0.005,0,69.91265,2.3100336,FALSE
0.94,0.06,0.01,0,77.27168,2.302877,FALSE
0.94,0.06,0.015,0,77.27168,2.302877,FALSE
0.94,0.06,0.02,0,77.90218,3.0556054,FALSE
0.94,0.06,0.025,0,77.90218,3.0556054,FALSE
0.94,0.06,0.03,0,78.08855,3.9921124,FALSE
0.94,0.06,0.035,0,78.08855,3.9921124,FALSE
0.94,0.06,0.04,0,74.964775,2.813519,FALSE
0.94,0.06,0.045,0,74.964775,2.813519,FALSE
0.94,0.06,0.05,0,72.69749,2.5350652,FALSE
0.94,0.06,0.055,0,72.69749,2.5350652,FALSE
0.96,0,0,0.04,80.831764,2.3300078,FALSE
0.96,0,0.005,0.04,80.831764,2.3300078,FALSE
0.96,0,0.01,0.04,85.599625,2.4988635,FALSE
0.96,0,0.015,0.04,85.599625,2.4988635,FALSE
0.96,0,0.02,0.04,85.75249,3.3223045,FALSE
0.96,0,0.025,0.04,85.75249,3.3223045,FALSE
0.96,0,0.04,0.04,83.9065,2.969916,FALSE
0.96,0,0.045,0.04,83.9065,2.969916,FALSE
0.96,0,0.05,0.04,82.49766,2.6528695,FALSE
0.96,0,0.055,0.04,82.49766,2.6528695,FALSE
0.96,0.01,0,0.03,80.831764,2.3300078,FALSE
0.96,0.01,0.005,0.03,80.831764,2.3300078,FALSE
0.96,0.01,0.01,0.03,85.599625,2.4988635,FALSE
0.96,0.01,0.015,0.03,85.599625,2.4988635,FALSE
0.96,0.01,0.02,0.03,85.75249,3.3223045,FALSE
0.96,0.01,0.025,0.03,85.75249,3.3223045,FALSE
0.96,0.01,0.04,0.03,83.9065,2.969916,FALSE
0.96,0.01,0.045,0.03,83.9065,2.969916,FALSE
0.96,0.01,0.05,0.03,82.49766,2.6528695,FALSE
0.96,0.01,0.055,0.03,82.49766,2.6528695,FALSE
0.96,0.02,0,0.02,80.831764,2.3198664,FALSE
0.96,0.02,0.005,0.02,80.831764,2.3198664,FALSE
0.96,0.02,0.01,0.02,85.599625,2.482929,FALSE
0.96,0.02,0.015,0.02,85.599625,2.482929,FALSE
0.96,0.02,0.02,0.02,85.75249,3.3223045,FALSE
0.96,0.02,0.025,0.02,85.75249,3.3223045,FALSE
0.96,0.02,0.04,0.02,83.9065,2.969916,FALSE
0.96,0.02,0.045,0.02,83.9065,2.969916,FALSE
0.96,0.02,0.05,0.02,82.49766,2.6528695,FALSE
0.96,0.02,0.055,0.02,82.49766,2.6528695,FALSE
0.96,0.03,0,0.01,72.55116,2.4810479,FALSE
0.96,0.03,0.005,0.01,72.55116,2.4810479,FALSE
0.96,0.03,0.01,0.01,79.597336,2.5897183,FALSE
0.96,0.03,0.015,0.01,79.597336,2.5897183,FALSE
0.96,0.03,0.02,0.01,79.93882,3.363323,FALSE
0.96,0.03,0.025,0.01,79.93882,3.363323,FALSE
0.96,0.03,0.04,0.01,77.32035,3.0109346,FALSE
0.96,0.03,0.045,0.01,77.32035,3.0109346,FALSE
0.96,0.03,0.05,0.01,75.198715,2.693888,FALSE
0.96,0.03,0.055,0.01,75.198715,2.693888,FALSE
0.96,0.04,0,0,72.55116,2.4810479,FALSE
0.96,0.04,0.005,0,72.55116,2.4810479,FALSE
0.96,0.04,0.01,0,79.597336,2.5897183,FALSE
0.96,0.04,0.015,0,79.597336,2.5897183,FALSE
0.96,0.04,0.02,0,79.93882,3.363323,FALSE
0.96,0.04,0.025,0,79.93882,3.363323,FALSE
0.96,0.04,0.04,0,77.32035,3.0109346,FALSE
0.96,0.04,0.045,0,77.32035,3.0109346,FALSE
0.96,0.04,0.05,0,75.198715,2.693888,FALSE
0.96,0.04,0.055,0,75.198715,2.693888,FALSE
0.98,0,0,0.02,80.831764,2.3198664,FALSE
0.98,0,0.005,0.02,80.831764,2.3198664,FALSE
0.98,0,0.01,0.02,85.599625,2.482929,FALSE
0.98,0,0.015,0.02,85.599625,2.482929,FALSE
0.98,0,0.02,0.02,85.75249,3.3223045,FALSE
0.98,0,0.025,0.02,85.75249,3.3223045,FALSE
0.98,0,0.04,0.02,83.9065,2.969916,FALSE
0.98,0,0.045,0.02,83.9065,2.969916,FALSE
0.98,0,0.05,0.02,82.49766,2.6528695,FALSE
0.98,0,0.055,0.02,82.49766,2.6528695,FALSE
0.98,0.01,0,0.01,80.831764,2.3198664,FALSE
0.98,0.01,0.005,0.01,80.831764,2.3198664,FALSE
0.98,0.01,0.01,0.01,85.599625,2.482929,FALSE
0.98,0.01,0.015,0.01,85.599625,2.482929,FALSE
0.98,0.01,0.02,0.01,85.75249,3.3223045,FALSE
0.98,0.01,0.025,0.01,85.75249,3.3223045,FALSE
0.98,0.01,0.04,0.01,83.9065,2.969916,FALSE
0.98,0.01,0.045,0.01,83.9065,2.969916,FALSE
0.98,0.01,0.05,0.01,82.49766,2.6528695,FALSE
0.98,0.01,0.055,0.01,82.49766,2.6528695,FALSE
0.98,0.02,0,0,80.831764,2.3198664,FALSE
0.98,0.02,0.005,0,80.831764,2.3198664,FALSE
0.98,0.02,0.01,0,85.599625,2.482929,FALSE
0.98,0.02,0.015,0,85.599625,2.482929,FALSE
0.98,0.02,0.02,0,85.75249,3.3223045,FALSE
0.98,0.02,0.025,0,85.75249,3.3223045,FALSE
0.98,0.02,0.04,0,83.9065,2.969916,FALSE
0.98,0.02,0.045,0,83.9065,2.969916,FALSE
0.98,0.02,0.05,0,82.49766,2.6528695,FALSE
0.98,0.02,0.055,0,82.49766,2.6528695,FALSE
